date,ledger_day,transactions,deposits_xbt,withdrawals_xbt,realised_xbt,balance_xbt,cumulative_withdrawn_xbt,cumulative_realised_xbt,cumulative_deposited_xbt
2018-03-05,1,2,0.17244633,0,-0.01910004,0.15334629,0,-0.01910004,0.17244633
2018-03-06,1,1,0,0,-0.06358364,0.08976265,0,-0.08268368,0.17244633
2018-03-07,1,1,0,0,-0.01547227,0.07429038,0,-0.09815595,0.17244633
2018-03-08,1,1,0,0,0.04735248,0.12164286,0,-0.05080347,0.17244633
2018-03-09,1,1,0,0,0.03630907,0.15795193,0,-0.0144944,0.17244633
2018-03-10,1,1,0,0,-0.06403106,0.09392087,0,-0.07852546,0.17244633
2018-03-11,1,1,0,0,-0.03507086,0.05885001,0,-0.11359632,0.17244633
2018-03-12,1,2,0.0495,0,0.04152832,0.14987833,0,-0.072068,0.22194633
2018-03-13,1,3,0.41,0,-0.21090265,0.34897568,0,-0.28297065,0.63194633
2018-03-14,1,2,0.41817608,0,-0.31394156,0.4532102,0,-0.59691221,1.05012241
2018-03-15,1,1,0,0,0.32075933,0.77396953,0,-0.27615288,1.05012241
2018-03-16,1,1,0,0,0.49775425,1.27172378,0,0.22160137,1.05012241
2018-03-17,1,1,0,0,0.22969383,1.50141761,0,0.4512952,1.05012241
2018-03-18,0,0,0,0,0,1.50141761,0,0.4512952,1.05012241
2018-03-19,1,1,0,0,0.08837371,1.58979132,0,0.53966891,1.05012241
2018-03-20,1,2,1.16503238,0,1.16909836,3.92392206,0,1.70876727,2.21515479
2018-03-21,1,1,0,0,-2.4412525,1.48266956,0,-0.73248523,2.21515479
2018-03-22,1,2,0,1.96801713,0.48534757,0,1.96801713,-0.24713766,2.21515479
2018-03-23,0,0,0,0,0,0,1.96801713,-0.24713766,2.21515479
2018-03-24,0,0,0,0,0,0,1.96801713,-0.24713766,2.21515479
2018-03-25,0,0,0,0,0,0,1.96801713,-0.24713766,2.21515479
2018-03-26,0,0,0,0,0,0,1.96801713,-0.24713766,2.21515479
2018-03-27,0,0,0,0,0,0,1.96801713,-0.24713766,2.21515479
2018-03-28,0,0,0,0,0,0,1.96801713,-0.24713766,2.21515479
2018-03-29,1,2,1,0,-0.04377354,0.95622646,1.96801713,-0.2909112,3.21515479
2018-03-30,1,4,0.76368181,0.2012,0.69164967,2.21035794,2.16921713,0.40073847,3.9788366
2018-03-31,1,4,0,0.2012,0.35301483,2.36217277,2.37041713,0.7537533,3.9788366
2018-04-01,1,2,0,0,-0.6370417,1.72513107,2.37041713,0.1167116,3.9788366
2018-04-02,1,2,0,0,-0.51328951,1.21184156,2.37041713,-0.39657791,3.9788366
2018-04-03,1,3,0.2995,0,-0.66220734,0.84913422,2.37041713,-1.05878525,4.2783366
2018-04-04,1,1,0,0,0.03698744,0.88612166,2.37041713,-1.02179781,4.2783366
2018-04-05,1,2,0,0,0.12407124,1.0101929,2.37041713,-0.89772657,4.2783366
2018-04-06,1,2,0,0,0.28374013,1.29393303,2.37041713,-0.61398644,4.2783366
2018-04-07,1,1,0,0,-0.03974904,1.25418399,2.37041713,-0.65373548,4.2783366
2018-04-08,1,1,0,0,0.00054105,1.25472504,2.37041713,-0.65319443,4.2783366
2018-04-09,1,1,0,0,0.27955181,1.53427685,2.37041713,-0.37364262,4.2783366
2018-04-10,1,2,0,0,0.1489699,1.68324675,2.37041713,-0.22467272,4.2783366
2018-04-11,0,0,0,0,0,1.68324675,2.37041713,-0.22467272,4.2783366
2018-04-12,1,1,0,0,0.00632753,1.68957428,2.37041713,-0.21834519,4.2783366
2018-04-13,1,2,0,0,0.04830097,1.73787525,2.37041713,-0.17004422,4.2783366
2018-04-14,1,1,0,0,0.56330627,2.30118152,2.37041713,0.39326205,4.2783366
2018-04-15,1,1,0,0,-0.7460173,1.55516422,2.37041713,-0.35275525,4.2783366
2018-04-16,1,2,0.43400664,0,0.45716144,2.4463323,2.37041713,0.10440619,4.71234324
2018-04-17,1,2,0,0,1.02594189,3.47227419,2.37041713,1.13034808,4.71234324
2018-04-18,1,2,0,1.0012,0.86710942,3.33818361,3.37161713,1.9974575,4.71234324
2018-04-19,1,1,0,0,-1.20570108,2.13248253,3.37161713,0.79175642,4.71234324
2018-04-20,1,1,0,0,0.37481502,2.50729755,3.37161713,1.16657144,4.71234324
2018-04-21,1,1,0,0,0.37951682,2.88681437,3.37161713,1.54608826,4.71234324
2018-04-22,1,1,0,0,0.07038462,2.95719899,3.37161713,1.61647288,4.71234324
2018-04-23,1,2,0,0,0.16402756,3.12122655,3.37161713,1.78050044,4.71234324
2018-04-24,1,3,0,1.0012,0.90605724,3.02608379,4.37281713,2.68655768,4.71234324
2018-04-25,1,3,0,0.5016,0.02089855,2.54538234,4.87441713,2.70745623,4.71234324
2018-04-26,1,1,0,0,1.70204947,4.24743181,4.87441713,4.4095057,4.71234324
2018-04-27,1,2,0,1.0012,0.01718121,3.80937178,5.87561713,4.42668691,4.71234324
2018-04-28,1,1,0,0,0.54595876,4.81057178,5.87561713,4.97264567,4.71234324
2018-04-29,1,3,0,0,0.32282445,4.13219623,5.87561713,5.29547012,4.71234324
2018-04-30,1,1,0,0,0.00496625,4.13716248,5.87561713,5.30043637,4.71234324
2018-05-01,0,0,0,0,0,4.13716248,5.87561713,5.30043637,4.71234324
2018-05-02,1,1,0,0,0.03889155,4.17605403,5.87561713,5.33932792,4.71234324
2018-05-03,0,0,0,0,0,4.17605403,5.87561713,5.33932792,4.71234324
2018-05-04,1,3,0,0,-0.05442717,4.12162686,5.87561713,5.28490075,4.71234324
2018-05-05,0,0,0,0,0,4.12162686,5.87561713,5.28490075,4.71234324
2018-05-06,1,1,0,0,0.02585069,4.14747755,5.87561713,5.31075144,4.71234324
2018-05-07,1,3,0,0,0.48768999,4.63516754,5.87561713,5.79844143,4.71234324
2018-05-08,0,0,0,0,0,4.63516754,5.87561713,5.79844143,4.71234324
2018-05-09,1,2,0,0,0.4350829,5.07025044,5.87561713,6.23352433,4.71234324
2018-05-10,0,0,0,0,0,5.07025044,5.87561713,6.23352433,4.71234324
2018-05-11,1,1,0,0,0.4499533,5.52020374,5.87561713,6.68347763,4.71234324
2018-05-12,1,2,0,2.0012,2.1406721,5.65967584,7.87681713,8.82414973,4.71234324
2018-05-13,1,1,0,0,0.09434026,5.7540161,7.87681713,8.91848999,4.71234324
2018-05-14,1,1,0,0,0.09101193,5.84502803,7.87681713,9.00950192,4.71234324
2018-05-15,1,1,0,0,0.0445186,5.88954663,7.87681713,9.05402052,4.71234324
2018-05-16,1,1,0,0,0.87982015,6.76936678,7.87681713,9.93384067,4.71234324
2018-05-17,1,1,0,0,0.1331444,6.90251118,7.87681713,10.06698507,4.71234324
2018-05-18,0,0,0,0,0,6.90251118,7.87681713,10.06698507,4.71234324
2018-05-19,1,3,0,0,0.07105035,6.97356153,7.87681713,10.13803542,4.71234324
2018-05-20,1,1,0,0,0.10117951,7.07474104,7.87681713,10.23921493,4.71234324
2018-05-21,1,1,0,0,-0.01761548,7.05712556,7.87681713,10.22159945,4.71234324
2018-05-22,1,1,0,0,0.08576357,7.14288913,7.87681713,10.30736302,4.71234324
2018-05-23,1,2,0,0,-0.67982827,6.46306086,7.87681713,9.62753475,4.71234324
2018-05-24,1,2,3.45955101,0,-4.77220696,5.15040491,7.87681713,4.85532779,8.17189425
2018-05-25,1,1,0,0,0.45044602,5.60085093,7.87681713,5.30577381,8.17189425
2018-05-26,1,2,0,0,1.39148098,6.99233191,7.87681713,6.69725479,8.17189425
2018-05-27,1,1,0,0,-0.18900711,6.8033248,7.87681713,6.50824768,8.17189425
2018-05-28,1,1,0,0,-0.11788962,6.68543518,7.87681713,6.39035806,8.17189425
2018-05-29,1,1,0,0,0.06082273,6.74625791,7.87681713,6.45118079,8.17189425
2018-05-30,1,1,0,0,0.51943196,7.26568987,7.87681713,6.97061275,8.17189425
2018-05-31,1,1,0,0,0.4281905,7.69388037,7.87681713,7.39880325,8.17189425
2018-06-01,1,1,0,0,0.4647334,8.15861377,7.87681713,7.86353665,8.17189425
2018-06-02,1,1,0,0,3e-8,8.1586138,7.87681713,7.86353668,8.17189425
2018-06-03,1,1,0,0,-0.00576007,8.15285373,7.87681713,7.85777661,8.17189425
2018-06-04,1,3,0,0,0.3549609,8.50781463,7.87681713,8.21273751,8.17189425
2018-06-05,1,1,0,0,0.47414512,8.98195975,7.87681713,8.68688263,8.17189425
2018-06-06,1,1,0,0,0.07865738,9.06061713,7.87681713,8.76554001,8.17189425
2018-06-07,1,1,0,0,0.20136839,9.26198552,7.87681713,8.9669084,8.17189425
2018-06-08,1,1,0,0,7e-8,9.26198559,7.87681713,8.96690847,8.17189425
2018-06-09,1,1,0,0,7e-8,9.26198566,7.87681713,8.96690854,8.17189425
2018-06-10,1,1,0,0,0.24721342,9.50919908,7.87681713,9.21412196,8.17189425
2018-06-11,1,2,0,0,0.4984414,10.00764048,7.87681713,9.71256336,8.17189425
2018-06-12,1,1,0,0,-0.02267319,9.98496729,7.87681713,9.68989017,8.17189425
2018-06-13,1,1,0,0,0.26878917,10.25375646,7.87681713,9.95867934,8.17189425
2018-06-14,1,1,0,0,0.31233244,10.5660889,7.87681713,10.27101178,8.17189425
2018-06-15,1,1,0,0,0.63469436,11.20078326,7.87681713,10.90570614,8.17189425
2018-06-16,1,1,0,0,0.85348917,12.05427243,7.87681713,11.75919531,8.17189425
2018-06-17,1,1,0,0,0.5263997,12.58067213,7.87681713,12.28559501,8.17189425
2018-06-18,1,2,0,0,0.07339679,12.65406892,7.87681713,12.3589918,8.17189425
2018-06-19,1,1,0,0,0.22027903,12.87434795,7.87681713,12.57927083,8.17189425
2018-06-20,1,1,0,0,0.28249089,13.15683884,7.87681713,12.86176172,8.17189425
2018-06-21,1,1,0,0,0.40081915,13.55765799,7.87681713,13.26258087,8.17189425
2018-06-22,1,2,0,0,0.29964149,13.85729948,7.87681713,13.56222236,8.17189425
2018-06-23,1,4,0,0,1.15825039,15.01554987,7.87681713,14.72047275,8.17189425
2018-06-24,1,2,0,0,-2.13880254,12.87674733,7.87681713,12.58167021,8.17189425
2018-06-25,1,2,0,0,0.90406762,13.78081495,7.87681713,13.48573783,8.17189425
2018-06-26,1,2,0,0,0.6771576,14.45797255,7.87681713,14.16289543,8.17189425
2018-06-27,1,2,0,0,0.12287194,14.58084449,7.87681713,14.28576737,8.17189425
2018-06-28,1,3,0,0,1.28884415,15.86968864,7.87681713,15.57461152,8.17189425
2018-06-29,1,4,0,0,-3.78853013,12.08115851,7.87681713,11.78608139,8.17189425
2018-06-30,1,2,0,0,1.37006532,13.45122383,7.87681713,13.15614671,8.17189425
2018-07-01,1,1,0,0,0.18494111,13.63616494,7.87681713,13.34108782,8.17189425
2018-07-02,1,1,0,0,0.17005042,13.80621536,7.87681713,13.51113824,8.17189425
2018-07-03,1,2,0,0,1.93461853,15.74083389,7.87681713,15.44575677,8.17189425
2018-07-04,1,2,0,0,1.11810444,16.85893833,7.87681713,16.56386121,8.17189425
2018-07-05,1,1,0,0,0.10110916,16.96004749,7.87681713,16.66497037,8.17189425
2018-07-06,1,2,0,0,0.00599025,16.96603774,7.87681713,16.67096062,8.17189425
2018-07-07,1,2,0,0,0.00294988,16.96898762,7.87681713,16.6739105,8.17189425
2018-07-08,1,1,0,0,0.48093208,17.4499197,7.87681713,17.15484258,8.17189425
2018-07-09,1,1,0,0,0.03814925,17.48806895,7.87681713,17.19299183,8.17189425
2018-07-10,1,2,0,0,-0.77710455,16.7109644,7.87681713,16.41588728,8.17189425
2018-07-11,1,2,0,0,-0.18626149,16.52470291,7.87681713,16.22962579,8.17189425
2018-07-12,1,2,0,0,-0.13600159,16.38870132,7.87681713,16.0936242,8.17189425
2018-07-13,1,2,0,0,0.7332532,17.12195452,7.87681713,16.8268774,8.17189425
2018-07-14,1,3,0,0,0.92494847,18.04690299,7.87681713,17.75182587,8.17189425
2018-07-15,1,2,0,0,0.02934778,18.07625077,7.87681713,17.78117365,8.17189425
2018-07-16,1,2,0,0,0.0886086,18.16485937,7.87681713,17.86978225,8.17189425
2018-07-17,1,3,0,0,0.85131297,19.01617234,7.87681713,18.72109522,8.17189425
2018-07-18,1,3,0,0,-4.78460196,14.23157038,7.87681713,13.93649326,8.17189425
2018-07-19,1,6,0,0,4.1265106,18.35808098,7.87681713,18.06300386,8.17189425
2018-07-20,1,6,0,0,1.77399674,20.13207772,7.87681713,19.8370006,8.17189425
2018-07-21,1,5,0,0,-2.46103513,17.67104259,7.87681713,17.37596547,8.17189425
2018-07-22,1,3,0,0,0.27340749,17.94445008,7.87681713,17.64937296,8.17189425
2018-07-23,1,3,0,0,0.65973027,18.60418035,7.87681713,18.30910323,8.17189425
2018-07-24,1,6,0,0,2.75459545,21.3587758,7.87681713,21.06369868,8.17189425
2018-07-25,1,4,0,0,2.24464377,23.60341957,7.87681713,23.30834245,8.17189425
2018-07-26,1,2,0,0,0.81439139,24.41781096,7.87681713,24.12273384,8.17189425
2018-07-27,1,3,0,0,2.29222686,26.71003782,7.87681713,26.4149607,8.17189425
2018-07-28,1,5,0,4.0012,0.1742489,22.88308672,11.87801713,26.5892096,8.17189425
2018-07-29,1,3,0,0,0.45823124,23.34131796,11.87801713,27.04744084,8.17189425
2018-07-30,1,3,0,0,0.55686038,23.89817834,11.87801713,27.60430122,8.17189425
2018-07-31,1,4,0,0,0.87992395,24.77810229,11.87801713,28.48422517,8.17189425
2018-08-01,1,6,0,0,-6.69560552,18.08249677,11.87801713,21.78861965,8.17189425
2018-08-02,1,3,0,0,2.21830313,20.3007999,11.87801713,24.00692278,8.17189425
2018-08-03,1,4,0,0,-0.607676,19.6931239,11.87801713,23.39924678,8.17189425
2018-08-04,1,5,0,0,0.19698841,19.89011231,11.87801713,23.59623519,8.17189425
2018-08-05,1,4,0,0,-3.42807889,16.46203342,11.87801713,20.1681563,8.17189425
2018-08-06,1,2,0,0,0.4889391,16.95097252,11.87801713,20.6570954,8.17189425
2018-08-07,1,2,0,0,2.65536045,19.60633297,11.87801713,23.31245585,8.17189425
2018-08-08,1,4,0,0,-0.22606319,19.38026978,11.87801713,23.08639266,8.17189425
2018-08-09,1,4,0,0,1.9363282,21.31659798,11.87801713,25.02272086,8.17189425
2018-08-10,1,3,0,2.5012,6.17946861,24.99486659,14.37921713,31.20218947,8.17189425
2018-08-11,1,1,0,0,0.22213193,25.21699852,14.37921713,31.4243214,8.17189425
2018-08-12,1,2,0,0,2.59497436,27.81197288,14.37921713,34.01929576,8.17189425
2018-08-13,1,3,0,0.5004,-0.5832445,26.72832838,14.87961713,33.43605126,8.17189425
2018-08-14,1,5,0,0,-1.84925955,24.87906883,14.87961713,31.58679171,8.17189425
2018-08-15,1,4,0,0,2.78784106,27.66690989,14.87961713,34.37463277,8.17189425
2018-08-16,1,4,0,0,-0.07163975,27.59527014,14.87961713,34.30299302,8.17189425
2018-08-17,1,1,0,0,1.94483409,29.54010423,14.87961713,36.24782711,8.17189425
2018-08-18,1,5,0,0,-0.14448697,29.39561726,14.87961713,36.10334014,8.17189425
2018-08-19,1,3,0,0,0.93143313,30.32705039,14.87961713,37.03477327,8.17189425
2018-08-20,1,1,0,0,-0.15679569,30.1702547,14.87961713,36.87797758,8.17189425
2018-08-21,1,1,0,0,0.10983213,30.28008683,14.87961713,36.98780971,8.17189425
2018-08-22,1,1,0,0,0.13078942,30.41087625,14.87961713,37.11859913,8.17189425
2018-08-23,1,1,0,0,0.83769947,31.24857572,14.87961713,37.9562986,8.17189425
2018-08-24,1,1,0,0,0.34947615,31.59805187,14.87961713,38.30577475,8.17189425
2018-08-25,1,1,0,0,-1.68554728,29.91250459,14.87961713,36.62022747,8.17189425
2018-08-26,1,1,0,0,0.68477557,30.59728016,14.87961713,37.30500304,8.17189425
2018-08-27,1,1,0,0,-0.32545738,30.27182278,14.87961713,36.97954566,8.17189425
2018-08-28,1,1,0,0,-2.48604448,27.7857783,14.87961713,34.49350118,8.17189425
2018-08-29,1,2,0,0,1.12470754,28.91048584,14.87961713,35.61820872,8.17189425
2018-08-30,1,1,0,0,-0.8058994,28.10458644,14.87961713,34.81230932,8.17189425
2018-08-31,1,1,0,0,1.59776184,29.70234828,14.87961713,36.41007116,8.17189425
2018-09-01,1,1,0,0,-0.0374849,29.66486338,14.87961713,36.37258626,8.17189425
2018-09-02,1,1,0,0,0.50478088,30.16964426,14.87961713,36.87736714,8.17189425
2018-09-03,1,1,0,0,1.15584915,31.32549341,14.87961713,38.03321629,8.17189425
2018-09-04,1,1,0,0,0.00249434,31.32798775,14.87961713,38.03571063,8.17189425
2018-09-05,1,2,0,7.012,5.89982143,30.21580918,21.89161713,43.93553206,8.17189425
2018-09-06,1,1,0,0,-11.93728792,18.27852126,21.89161713,31.99824414,8.17189425
2018-09-07,1,1,0,0,0.67712863,18.95564989,21.89161713,32.67537277,8.17189425
2018-09-08,1,1,0,0,-1.8e-7,18.95564971,21.89161713,32.67537259,8.17189425
2018-09-09,1,1,0,0,1.12002682,20.07567653,21.89161713,33.79539941,8.17189425
2018-09-10,1,1,0,0,2.96431088,23.03998741,21.89161713,36.75971029,8.17189425
2018-09-11,1,3,0,0,0.60562279,23.6456102,21.89161713,37.36533308,8.17189425
2018-09-12,1,3,0,0,0.61728524,24.26289544,21.89161713,37.98261832,8.17189425
2018-09-13,1,3,0,0,-0.27175699,23.99113845,21.89161713,37.71086133,8.17189425
2018-09-14,1,3,0,0,-5.36093719,18.63020126,21.89161713,32.34992414,8.17189425
2018-09-15,1,2,0,0,1.72768611,20.35788737,21.89161713,34.07761025,8.17189425
2018-09-16,1,2,0,0,-1.45429545,18.90359192,21.89161713,32.6233148,8.17189425
2018-09-17,1,2,0,0,0.66351438,19.5671063,21.89161713,33.28682918,8.17189425
2018-09-18,1,3,0,0,-3.47211803,16.09498827,21.89161713,29.81471115,8.17189425
2018-09-19,1,3,0,0,-3.09070407,13.0042842,21.89161713,26.72400708,8.17189425
2018-09-20,1,2,0,0,3.5477117,16.5519959,21.89161713,30.27171878,8.17189425
2018-09-21,1,4,0.9995,0,1.1199091,18.671405,21.89161713,31.39162788,9.17139425
2018-09-22,1,4,0,0,-15.74562129,2.92578371,21.89161713,15.64600659,9.17139425
2018-09-23,1,1,0.64362202,0,0,3.56940573,21.89161713,15.64600659,9.81501627
2018-09-24,1,3,0,0,0.03452855,3.60393428,21.89161713,15.68053514,9.81501627
2018-09-25,1,2,0,0,1.51164271,5.11557699,21.89161713,17.19217785,9.81501627
2018-09-26,1,3,0,0,-0.004281,5.11129599,21.89161713,17.18789685,9.81501627
2018-09-27,1,4,0,0,1.29196218,6.40325817,21.89161713,18.47985903,9.81501627
2018-09-28,1,2,0,0,0.65330967,7.05656784,21.89161713,19.1331687,9.81501627
2018-09-29,1,2,0,0,-1.56031075,5.49625709,21.89161713,17.57285795,9.81501627
2018-09-30,1,1,0,0,-6e-8,5.49625703,21.89161713,17.57285789,9.81501627
2018-10-01,1,1,0,0,-9e-8,5.49625694,21.89161713,17.5728578,9.81501627
2018-10-02,1,2,0,0,0.00888665,5.50514359,21.89161713,17.58174445,9.81501627
2018-10-03,1,4,3.9995,0,-0.56745682,8.93718677,21.89161713,17.01428763,13.81451627
2018-10-04,1,2,0,0,3.7e-7,8.93718714,21.89161713,17.014288,13.81451627
2018-10-05,1,2,0,0,1.3e-7,8.93718727,21.89161713,17.01428813,13.81451627
2018-10-06,1,2,0,0,0.26641656,9.20360383,21.89161713,17.28070469,13.81451627
2018-10-07,1,3,0,0,0.54989992,9.75350375,21.89161713,17.83060461,13.81451627
2018-10-08,1,4,0.26922385,0,0.35138041,10.37410801,21.89161713,18.18198502,14.08374012
2018-10-09,1,4,0,0,-0.13458726,10.23952075,21.89161713,18.04739776,14.08374012
2018-10-10,1,4,0,0,0.40248624,10.64200699,21.89161713,18.449884,14.08374012
2018-10-11,1,3,0.06879957,0,0.79215753,11.50296409,21.89161713,19.24204153,14.15253969
2018-10-12,1,2,0,0,1.16350405,12.66646814,21.89161713,20.40554558,14.15253969
2018-10-13,1,2,0,0,0.21205608,12.87852422,21.89161713,20.61760166,14.15253969
2018-10-14,1,2,0,0,-2.2e-7,12.878524,21.89161713,20.61760144,14.15253969
2018-10-15,1,3,0.19333507,0,4.86510294,17.93696201,21.89161713,25.48270438,14.34587476
2018-10-16,1,2,0,0,-0.28732692,17.64963509,21.89161713,25.19537746,14.34587476
2018-10-17,1,2,0,0,0.18178673,17.83142182,21.89161713,25.37716419,14.34587476
2018-10-18,1,2,0,0,3.6e-7,17.83142218,21.89161713,25.37716455,14.34587476
2018-10-19,1,2,0,0,0.24937584,18.08079802,21.89161713,25.62654039,14.34587476
2018-10-20,1,2,0,0,1.2e-7,18.08079814,21.89161713,25.62654051,14.34587476
2018-10-21,1,2,0,0,2.9e-7,18.08079843,21.89161713,25.6265408,14.34587476
2018-10-22,1,1,0,0,6e-8,18.08079849,21.89161713,25.62654086,14.34587476
2018-10-23,1,2,0,0,3e-7,18.08079879,21.89161713,25.62654116,14.34587476
2018-10-24,1,2,0,0,1.3e-7,18.08079892,21.89161713,25.62654129,14.34587476
2018-10-25,1,2,0,0,1.2e-7,18.08079904,21.89161713,25.62654141,14.34587476
2018-10-26,1,2,0,0,3.3e-7,18.08079937,21.89161713,25.62654174,14.34587476
2018-10-27,1,2,0,0,2.3e-7,18.0807996,21.89161713,25.62654197,14.34587476
2018-10-28,1,2,0,0,1.1e-7,18.08079971,21.89161713,25.62654208,14.34587476
2018-10-29,1,2,0,0,2.2e-7,18.08079993,21.89161713,25.6265423,14.34587476
2018-10-30,1,2,0,0,0.14250245,18.22330238,21.89161713,25.76904475,14.34587476
2018-10-31,1,2,0,0,3.8e-7,18.22330276,21.89161713,25.76904513,14.34587476
2018-11-01,1,2,0,0,1.9e-7,18.22330295,21.89161713,25.76904532,14.34587476
2018-11-02,1,2,0,0,1.4e-7,18.22330309,21.89161713,25.76904546,14.34587476
2018-11-03,1,2,0,0,1.1e-7,18.2233032,21.89161713,25.76904557,14.34587476
2018-11-04,1,3,0,0,0.61943875,18.84274195,21.89161713,26.38848432,14.34587476
2018-11-05,1,4,0.14338238,0,1.85107554,20.83719987,21.89161713,28.23955986,14.48925714
2018-11-06,1,3,0,0,-1.11247838,19.72472149,21.89161713,27.12708148,14.48925714
2018-11-07,1,4,0,0,1.65861829,21.38333978,21.89161713,28.78569977,14.48925714
2018-11-08,1,2,0,0,-0.16261489,21.22072489,21.89161713,28.62308488,14.48925714
2018-11-09,1,4,0,0,2.37066142,23.59138631,21.89161713,30.9937463,14.48925714
2018-11-10,1,3,0,0,-5.06056764,18.53081867,21.89161713,25.93317866,14.48925714
2018-11-11,1,4,0,0,0.53553656,19.06635523,21.89161713,26.46871522,14.48925714
2018-11-12,1,2,0,0,-1.70404592,17.36230931,21.89161713,24.7646693,14.48925714
2018-11-13,1,3,0,0,-0.61590952,16.74639979,21.89161713,24.14875978,14.48925714
2018-11-14,1,5,0,0,1.16131573,17.90771552,21.89161713,25.31007551,14.48925714
2018-11-15,1,5,0,0,9.54448164,27.45219716,21.89161713,34.85455715,14.48925714
2018-11-16,1,3,0,0,3.72114573,31.17334289,21.89161713,38.57570288,14.48925714
2018-11-17,1,2,0,0,0.03443161,31.2077745,21.89161713,38.61013449,14.48925714
2018-11-18,1,3,0,0,-0.45340705,30.75436745,21.89161713,38.15672744,14.48925714
2018-11-19,1,3,0,0,-1.40153521,29.35283224,21.89161713,36.75519223,14.48925714
2018-11-20,1,2,0,0,0.7561224,30.10895464,21.89161713,37.51131463,14.48925714
2018-11-21,1,3,0,0,8.09933071,38.20828535,21.89161713,45.61064534,14.48925714
2018-11-22,1,2,0,0,1.6053331,39.81361845,21.89161713,47.21597844,14.48925714
2018-11-23,1,3,0,0,10.84161959,50.65523804,21.89161713,58.05759803,14.48925714
2018-11-24,1,2,0,0,0.68517356,51.3404116,21.89161713,58.74277159,14.48925714
2018-11-25,1,3,0,1.0012,19.42484591,69.76405751,22.89281713,78.1676175,14.48925714
2018-11-26,1,2,0,0,0.04323752,69.80729503,22.89281713,78.21085502,14.48925714
2018-11-27,1,2,0,0,14.82079051,84.62808554,22.89281713,93.03164553,14.48925714
2018-11-28,1,3,0,10.012,1.09587326,75.7119588,32.90481713,94.12751879,14.48925714
2018-11-29,1,3,0,10.012,3.19704052,68.89699932,42.91681713,97.32455931,14.48925714
2018-11-30,1,2,0,0,11.0815214,79.97852072,42.91681713,108.40608071,14.48925714
2018-12-01,1,2,0,0,0.8870689,80.86558962,42.91681713,109.29314961,14.48925714
2018-12-02,1,2,0,0,-3.66336959,77.20222003,42.91681713,105.62978002,14.48925714
2018-12-03,1,2,0,0,4.67108785,81.87330788,42.91681713,110.30086787,14.48925714
2018-12-04,1,2,0,0,7.28321469,89.15652257,42.91681713,117.58408256,14.48925714
2018-12-05,1,2,0,0,1.90800471,91.06452728,42.91681713,119.49208727,14.48925714
2018-12-06,1,2,0,0,6.37236646,97.43689374,42.91681713,125.86445373,14.48925714
2018-12-07,1,4,0,10.012,10.68447065,98.10936439,52.92881713,136.54892438,14.48925714
2018-12-08,1,2,0,0,11.47498832,109.58435271,52.92881713,148.0239127,14.48925714
2018-12-09,1,2,0,0,-0.69337111,108.8909816,52.92881713,147.33054159,14.48925714
2018-12-10,1,2,0,0,3.74584667,112.63682827,52.92881713,151.07638826,14.48925714
2018-12-11,1,2,0,0,-3.6912253,108.94560297,52.92881713,147.38516296,14.48925714
2018-12-12,1,2,0,0,-1.79994392,107.14565905,52.92881713,145.58521904,14.48925714
2018-12-13,1,2,0,0,-3.96678599,103.17887306,52.92881713,141.61843305,14.48925714
2018-12-14,1,2,0,0,6.41818345,109.59705651,52.92881713,148.0366165,14.48925714
2018-12-15,1,2,0,0,7.07109348,116.66814999,52.92881713,155.10770998,14.48925714
2018-12-16,1,2,0,0,3.30229203,119.97044202,52.92881713,158.41000201,14.48925714
2018-12-17,1,2,0,0,3.95665998,123.927102,52.92881713,162.36666199,14.48925714
2018-12-18,1,3,0,0,-30.05990558,93.86719642,52.92881713,132.30675641,14.48925714
2018-12-19,1,2,0,0,12.54574379,106.41294021,52.92881713,144.8525002,14.48925714
2018-12-20,1,3,0,0,2.69501563,109.10795584,52.92881713,147.54751583,14.48925714
2018-12-21,1,2,0,0,6.42229732,115.53025316,52.92881713,153.96981315,14.48925714
2018-12-22,1,1,0,0,5.88352894,121.4137821,52.92881713,159.85334209,14.48925714
2018-12-23,1,2,0,10.012,-1.99838693,109.40339517,62.94081713,157.85495516,14.48925714
2018-12-24,1,1,0,0,3.25323951,112.65663468,62.94081713,161.10819467,14.48925714
2018-12-25,1,2,0,0,12.98933996,125.64597464,62.94081713,174.09753463,14.48925714
2018-12-26,1,1,0,0,4.08307823,129.72905287,62.94081713,178.18061286,14.48925714
2018-12-27,1,1,0,0,3.34250426,133.07155713,62.94081713,181.52311712,14.48925714
2018-12-28,1,2,0,0,5.51739876,138.58895589,62.94081713,187.04051588,14.48925714
2018-12-29,1,2,0,20.012,0.15133353,118.72828942,82.95281713,187.19184941,14.48925714
2018-12-30,1,1,0,0,-0.5839963,118.14429312,82.95281713,186.60785311,14.48925714
2018-12-31,1,1,0,0,1.81786921,119.96216233,82.95281713,188.42572232,14.48925714
2019-01-01,1,1,0,0,3.46724781,123.42941014,82.95281713,191.89297013,14.48925714
2019-01-02,1,2,0,0,0.5072797,123.93668984,82.95281713,192.40024983,14.48925714
2019-01-03,1,1,0,0,0.3929575,124.32964734,82.95281713,192.79320733,14.48925714
2019-01-04,1,1,0,0,-0.00008034,124.329567,82.95281713,192.79312699,14.48925714
2019-01-05,1,2,0,0,0.28463105,124.61419805,82.95281713,193.07775804,14.48925714
2019-01-06,1,1,0,0,-0.00003832,124.61415973,82.95281713,193.07771972,14.48925714
2019-01-07,1,1,0,0,0.68467444,125.29883417,82.95281713,193.76239416,14.48925714
2019-01-08,1,1,0,0,0.96365811,126.26249228,82.95281713,194.72605227,14.48925714
2019-01-09,1,2,0,0,-7.18499143,119.07750085,82.95281713,187.54106084,14.48925714
2019-01-10,1,2,0,0,-2.30251857,116.77498228,82.95281713,185.23854227,14.48925714
2019-01-11,1,2,0,10.012,5.25140523,112.01438751,92.96481713,190.4899475,14.48925714
2019-01-12,1,2,0,0,22.08171494,134.09610245,92.96481713,212.57166244,14.48925714
2019-01-13,1,1,0,0,-0.06334886,134.03275359,92.96481713,212.50831358,14.48925714
2019-01-14,1,1,0,0,6.13799304,140.17074663,92.96481713,218.64630662,14.48925714
2019-01-15,1,2,0,10.012,7.03652698,137.19527361,102.97681713,225.6828336,14.48925714
2019-01-16,1,1,0,0,5.34823274,142.54350635,102.97681713,231.03106634,14.48925714
2019-01-17,1,1,0,0,1.89612127,144.43962762,102.97681713,232.92718761,14.48925714
2019-01-18,1,1,0,0,-0.1143541,144.32527352,102.97681713,232.81283351,14.48925714
2019-01-19,1,1,0,0,-0.0546551,144.27061842,102.97681713,232.75817841,14.48925714
2019-01-20,1,1,0,0,0.07025163,144.34087005,102.97681713,232.82843004,14.48925714
2019-01-21,1,1,0,0,6.80653805,151.1474081,102.97681713,239.63496809,14.48925714
2019-01-22,1,1,0,0,2.92986997,154.07727807,102.97681713,242.56483806,14.48925714
2019-01-23,1,1,0,0,0.03117609,154.10845416,102.97681713,242.59601415,14.48925714
2019-01-24,1,1,0,0,0.20294104,154.3113952,102.97681713,242.79895519,14.48925714
2019-01-25,1,1,0,0,-0.00005377,154.31134143,102.97681713,242.79890142,14.48925714
2019-01-26,1,1,0,0,-0.00015785,154.31118358,102.97681713,242.79874357,14.48925714
2019-01-27,1,1,0,0,1.81479994,156.12598352,102.97681713,244.61354351,14.48925714
2019-01-28,1,1,0,0,4.6016351,160.72761862,102.97681713,249.21517861,14.48925714
2019-01-29,1,1,0,0,4.48714313,165.21476175,102.97681713,253.70232174,14.48925714
2019-01-30,1,1,0,0,2.53488796,167.74964971,102.97681713,256.2372097,14.48925714
2019-01-31,1,1,0,0,-0.24585762,167.50379209,102.97681713,255.99135208,14.48925714
2019-02-01,1,1,0,0,0.71855889,168.22235098,102.97681713,256.70991097,14.48925714
2019-02-02,1,1,0,0,2.50493252,170.7272835,102.97681713,259.21484349,14.48925714
2019-02-03,1,1,0,0,-0.34444616,170.38283734,102.97681713,258.87039733,14.48925714
2019-02-04,1,1,0,0,0.00000847,170.38284581,102.97681713,258.8704058,14.48925714
2019-02-05,1,1,0,0,0.00000864,170.38285445,102.97681713,258.87041444,14.48925714
2019-02-06,1,1,0,0,0.0000099,170.38286435,102.97681713,258.87042434,14.48925714
2019-02-07,1,1,0,0,-0.00000482,170.38285953,102.97681713,258.87041952,14.48925714
2019-02-08,1,1,0,0,1.02040922,171.40326875,102.97681713,259.89082874,14.48925714
2019-02-09,1,2,0,20.012,1.31518626,152.70645501,122.98881713,261.206015,14.48925714
2019-02-10,1,1,0,0,-0.93579258,151.77066243,122.98881713,260.27022242,14.48925714
2019-02-11,1,1,0,0,1.29161528,153.06227771,122.98881713,261.5618377,14.48925714
2019-02-12,1,1,0,0,0.04634696,153.10862467,122.98881713,261.60818466,14.48925714
2019-02-13,1,1,0,0,1.93741983,155.0460445,122.98881713,263.54560449,14.48925714
2019-02-14,1,1,0,0,0.0000036,155.0460481,122.98881713,263.54560809,14.48925714
2019-02-15,1,1,0,0,-0.03981052,155.00623758,122.98881713,263.50579757,14.48925714
2019-02-16,1,1,0,0,0.08390261,155.09014019,122.98881713,263.58970018,14.48925714
2019-02-17,1,1,0,0,-5.46386671,149.62627348,122.98881713,258.12583347,14.48925714
2019-02-18,1,1,0,0,2.02066302,151.6469365,122.98881713,260.14649649,14.48925714
2019-02-19,1,1,0,0,-2.61475265,149.03218385,122.98881713,257.53174384,14.48925714
2019-02-20,1,1,0,0,1.48211857,150.51430242,122.98881713,259.01386241,14.48925714
2019-02-21,1,1,0,0,1.44115784,151.95546026,122.98881713,260.45502025,14.48925714
2019-02-22,1,1,0,0,0.93575877,152.89121903,122.98881713,261.39077902,14.48925714
2019-02-23,1,1,0,0,0.68974857,153.5809676,122.98881713,262.08052759,14.48925714
2019-02-24,1,1,0,0,0.03279962,153.61376722,122.98881713,262.11332721,14.48925714
2019-02-25,1,2,0,0,11.69910389,165.31287111,122.98881713,273.8124311,14.48925714
2019-02-26,1,2,0,0,0.81546289,166.128334,122.98881713,274.62789399,14.48925714
2019-02-27,1,1,0,0,0.70040758,166.82874158,122.98881713,275.32830157,14.48925714
2019-02-28,1,1,0,0,0.05442618,166.88316776,122.98881713,275.38272775,14.48925714
2019-03-01,1,3,0,0,2.42000217,169.30316993,122.98881713,277.80272992,14.48925714
2019-03-02,1,1,0,0,1.65586972,170.95903965,122.98881713,279.45859964,14.48925714
2019-03-03,1,1,0,0,-0.00012881,170.95891084,122.98881713,279.45847083,14.48925714
2019-03-04,1,2,0,0,0.09282172,171.05173256,122.98881713,279.55129255,14.48925714
2019-03-05,1,2,0,0,-0.4935724,170.55816016,122.98881713,279.05772015,14.48925714
2019-03-06,1,3,0,0,8.35272667,178.91088683,122.98881713,287.41044682,14.48925714
2019-03-07,1,2,0,0,2.31344934,181.22433617,122.98881713,289.72389616,14.48925714
2019-03-08,1,4,0,8.0012,0.49460485,173.71774102,130.99001713,290.21850101,14.48925714
2019-03-09,1,1,0,0,-0.16637993,173.55136109,130.99001713,290.05212108,14.48925714
2019-03-10,1,1,0,0,-0.17558297,173.37577812,130.99001713,289.87653811,14.48925714
2019-03-11,1,1,0,0,-0.33167943,173.04409869,130.99001713,289.54485868,14.48925714
2019-03-12,1,1,0,0,8.34330462,181.38740331,130.99001713,297.8881633,14.48925714
2019-03-13,1,1,0,0,0.0005752,181.38797851,130.99001713,297.8887385,14.48925714
2019-03-14,1,1,0,0,0.00004623,181.38802474,130.99001713,297.88878473,14.48925714
2019-03-15,1,1,0,0,-1.86898113,179.51904361,130.99001713,296.0198036,14.48925714
2019-03-16,1,1,0,0,1.19058057,180.70962418,130.99001713,297.21038417,14.48925714
2019-03-17,1,1,0,0,0.93210593,181.64173011,130.99001713,298.1424901,14.48925714
2019-03-18,1,1,0,0,-0.53896481,181.1027653,130.99001713,297.60352529,14.48925714
2019-03-19,1,1,0,0,0.50348688,181.60625218,130.99001713,298.10701217,14.48925714
2019-03-20,1,1,0,0,-0.00000127,181.60625091,130.99001713,298.1070109,14.48925714
2019-03-21,1,1,0,0,-0.00003958,181.60621133,130.99001713,298.10697132,14.48925714
2019-03-22,1,1,0,0,-0.18854949,181.41766184,130.99001713,297.91842183,14.48925714
2019-03-23,1,1,0,0,-0.16503702,181.25262482,130.99001713,297.75338481,14.48925714
2019-03-24,1,1,0,0,1.05546267,182.30808749,130.99001713,298.80884748,14.48925714
2019-03-25,1,1,0,0,-0.1236004,182.18448709,130.99001713,298.68524708,14.48925714
2019-03-26,1,1,0,0,3.18393977,185.36842686,130.99001713,301.86918685,14.48925714
2019-03-27,1,1,0,0,0.08693298,185.45535984,130.99001713,301.95611983,14.48925714
2019-03-28,1,1,0,0,1.31555253,186.77091237,130.99001713,303.27167236,14.48925714
2019-03-29,1,2,0,0,3.03648606,189.80739843,130.99001713,306.30815842,14.48925714
2019-03-30,1,1,0,0,2.41665195,192.22405038,130.99001713,308.72481037,14.48925714
2019-03-31,1,1,0,0,-0.07838535,192.14566503,130.99001713,308.64642502,14.48925714
2019-04-01,1,1,0,0,-0.48715816,191.65850687,130.99001713,308.15926686,14.48925714
2019-04-02,1,1,0,0,-74.76784228,116.89066459,130.99001713,233.39142458,14.48925714
2019-04-03,1,1,0,0,18.87754789,135.76821248,130.99001713,252.26897247,14.48925714
2019-04-04,1,2,0,0,12.23241439,148.00062687,130.99001713,264.50138686,14.48925714
2019-04-05,1,1,0,0,2.70662113,150.707248,130.99001713,267.20800799,14.48925714
2019-04-06,1,1,0,0,4.35214129,155.05938929,130.99001713,271.56014928,14.48925714
2019-04-07,1,1,0,0,11.60995415,166.66934344,130.99001713,283.17010343,14.48925714
2019-04-08,1,2,0,0,-1.35377905,165.31556439,130.99001713,281.81632438,14.48925714
2019-04-09,1,1,0,0,3.40907047,168.72463486,130.99001713,285.22539485,14.48925714
2019-04-10,1,2,0,20.012,1.60174933,150.31438419,151.00201713,286.82714418,14.48925714
2019-04-11,1,2,0,0,3.46168815,153.77607234,151.00201713,290.28883233,14.48925714
2019-04-12,1,1,0,0,6.25957786,160.0356502,151.00201713,296.54841019,14.48925714
2019-04-13,1,1,0,0,2.21090718,162.24655738,151.00201713,298.75931737,14.48925714
2019-04-14,1,1,0,0,1.83858909,164.08514647,151.00201713,300.59790646,14.48925714
2019-04-15,1,1,0,0,-3.5516809,160.53346557,151.00201713,297.04622556,14.48925714
2019-04-16,1,1,0,0,0.95346018,161.48692575,151.00201713,297.99968574,14.48925714
2019-04-17,1,1,0,0,2.22319309,163.71011884,151.00201713,300.22287883,14.48925714
2019-04-18,1,2,0,10.012,2.8092167,156.50733554,161.01401713,303.03209553,14.48925714
2019-04-19,1,1,0,0,0.11137173,156.61870727,161.01401713,303.14346726,14.48925714
2019-04-20,1,1,0,0,-0.52542235,156.09328492,161.01401713,302.61804491,14.48925714
2019-04-21,1,1,0,0,3.65003562,159.74332054,161.01401713,306.26808053,14.48925714
2019-04-22,1,1,0,0,4.34819099,164.09151153,161.01401713,310.61627152,14.48925714
2019-04-23,1,3,0,20.012,14.57608867,158.6556002,181.02601713,325.19236019,14.48925714
2019-04-24,1,1,0,0,10.16807221,168.82367241,181.02601713,335.3604324,14.48925714
2019-04-25,1,1,0,0,6.32114485,175.14481726,181.02601713,341.68157725,14.48925714
2019-04-26,1,1,0,0,-5.21884844,169.92596882,181.02601713,336.46272881,14.48925714
2019-04-27,1,1,0,0,3.5246444,173.45061322,181.02601713,339.98737321,14.48925714
2019-04-28,1,1,0,0,0.04700342,173.49761664,181.02601713,340.03437663,14.48925714
2019-04-29,1,1,0,0,-0.7111359,172.78648074,181.02601713,339.32324073,14.48925714
2019-04-30,1,1,0,0,1.17986483,173.96634557,181.02601713,340.50310556,14.48925714
2019-05-01,1,1,0,0,-8.05406868,165.91227689,181.02601713,332.44903688,14.48925714
2019-05-02,1,1,0,0,-0.54379834,165.36847855,181.02601713,331.90523854,14.48925714
2019-05-03,1,1,0,0,-7.33928111,158.02919744,181.02601713,324.56595743,14.48925714
2019-05-04,1,1,0,0,0.52534985,158.55454729,181.02601713,325.09130728,14.48925714
2019-05-05,1,1,0,0,12.08678674,170.64133403,181.02601713,337.17809402,14.48925714
2019-05-06,1,2,0,20.012,20.42666165,171.05599568,201.03801713,357.60475567,14.48925714
2019-05-07,1,2,0,0,-6.30377626,164.75221942,201.03801713,351.30097941,14.48925714
2019-05-08,1,1,0,0,12.64798647,177.40020589,201.03801713,363.94896588,14.48925714
2019-05-09,1,1,0,0,-5.14044216,172.25976373,201.03801713,358.80852372,14.48925714
2019-05-10,1,1,0,0,-1.94759649,170.31216724,201.03801713,356.86092723,14.48925714
2019-05-11,1,1,0,0,10.69844363,181.01061087,201.03801713,367.55937086,14.48925714
2019-05-12,1,2,0,20.012,-2.69855561,158.30005526,221.05001713,364.86081525,14.48925714
2019-05-13,1,1,0,0,14.60351568,172.90357094,221.05001713,379.46433093,14.48925714
2019-05-14,1,2,0,0,-24.9377378,147.96583314,221.05001713,354.52659313,14.48925714
2019-05-15,1,1,0,0,18.21028702,166.17612016,221.05001713,372.73688015,14.48925714
2019-05-16,1,1,0,0,4.63188112,170.80800128,221.05001713,377.36876127,14.48925714
2019-05-17,1,1,0,0,3.93169778,174.73969906,221.05001713,381.30045905,14.48925714
2019-05-18,1,1,0,0,1.26523852,176.00493758,221.05001713,382.56569757,14.48925714
2019-05-19,1,1,0,0,6.53061614,182.53555372,221.05001713,389.09631371,14.48925714
2019-05-20,1,1,0,0,2.46531321,185.00086693,221.05001713,391.56162692,14.48925714
2019-05-21,1,1,0,0,5.79951781,190.80038474,221.05001713,397.36114473,14.48925714
2019-05-22,1,1,0,0,0.48660468,191.28698942,221.05001713,397.84774941,14.48925714
2019-05-23,1,2,0,0,7.18720631,198.47419573,221.05001713,405.03495572,14.48925714
2019-05-24,1,1,0,0,-3.11323539,195.36096034,221.05001713,401.92172033,14.48925714
2019-05-25,1,1,0,0,-0.36371157,194.99724877,221.05001713,401.55800876,14.48925714
2019-05-26,1,1,0,0,-0.00016461,194.99708416,221.05001713,401.55784415,14.48925714
2019-05-27,1,2,0,20.012,1.3234766,176.30856076,241.06201713,402.88132075,14.48925714
2019-05-28,1,1,0,0,0.00012089,176.30868165,241.06201713,402.88144164,14.48925714
2019-05-29,1,1,0,0,0.13212662,176.44080827,241.06201713,403.01356826,14.48925714
2019-05-30,1,1,0,0,-4.57559222,171.86521605,241.06201713,398.43797604,14.48925714
2019-05-31,1,1,0,0,2.17907897,174.04429502,241.06201713,400.61705501,14.48925714
2019-06-01,1,1,0,0,-2.53853256,171.50576246,241.06201713,398.07852245,14.48925714
2019-06-02,1,1,0,0,-8.08485545,163.42090701,241.06201713,389.993667,14.48925714
2019-06-03,1,1,0,0,-0.11935474,163.30155227,241.06201713,389.87431226,14.48925714
2019-06-04,1,1,0,0,13.01142706,176.31297933,241.06201713,402.88573932,14.48925714
2019-06-05,1,1,0,0,0.00937083,176.32235016,241.06201713,402.89511015,14.48925714
2019-06-06,1,1,0,0,0.01717858,176.33952874,241.06201713,402.91228873,14.48925714
2019-06-07,1,1,0,0,-0.06182712,176.27770162,241.06201713,402.85046161,14.48925714
2019-06-08,1,1,0,0,0.04440841,176.32211003,241.06201713,402.89487002,14.48925714
2019-06-09,1,1,0,0,-0.03387739,176.28823264,241.06201713,402.86099263,14.48925714
2019-06-10,1,1,0,0,6.16978933,182.45802197,241.06201713,409.03078196,14.48925714
2019-06-11,1,1,0,0,0.29123972,182.74926169,241.06201713,409.32202168,14.48925714
2019-06-12,1,1,0,0,-1.61333169,181.13593,241.06201713,407.70868999,14.48925714
2019-06-13,1,1,0,0,-0.11928135,181.01664865,241.06201713,407.58940864,14.48925714
2019-06-14,1,1,0,0,-1.37119684,179.64545181,241.06201713,406.2182118,14.48925714
2019-06-15,1,1,0,0,0.00388712,179.64933893,241.06201713,406.22209892,14.48925714
2019-06-16,1,2,0,20.012,8.57616062,168.21349955,261.07401713,414.79825954,14.48925714
2019-06-17,1,1,0,0,4.09551335,172.3090129,261.07401713,418.89377289,14.48925714
2019-06-18,1,1,0,0,0.3744548,172.6834677,261.07401713,419.26822769,14.48925714
2019-06-19,1,1,0,0,3.19559778,175.87906548,261.07401713,422.46382547,14.48925714
2019-06-20,1,2,0,0,1.33468508,177.21375056,261.07401713,423.79851055,14.48925714
2019-06-21,1,1,0,0,-10.70078871,166.51296185,261.07401713,413.09772184,14.48925714
2019-06-22,1,1,0,0,-3.50725907,163.00570278,261.07401713,409.59046277,14.48925714
2019-06-23,1,1,0,0,0.91378064,163.91948342,261.07401713,410.50424341,14.48925714
2019-06-24,1,2,0,0,1.91946388,165.8389473,261.07401713,412.42370729,14.48925714
2019-06-25,1,1,0,0,2.64556407,168.48451137,261.07401713,415.06927136,14.48925714
2019-06-26,1,2,0,20.012,9.84514747,158.31765884,281.08601713,424.91441883,14.48925714
2019-06-27,1,1,0,0,10.42756641,168.74522525,281.08601713,435.34198524,14.48925714
2019-06-28,1,2,0,0,-8.26963666,160.47558859,281.08601713,427.07234858,14.48925714
2019-06-29,1,1,0,0,9.61821059,170.09379918,281.08601713,436.69055917,14.48925714
2019-06-30,1,1,0,0,0.00002581,170.09382499,281.08601713,436.69058498,14.48925714
2019-07-01,1,1,0,0,0.38591648,170.47974147,281.08601713,437.07650146,14.48925714
2019-07-02,1,1,0,0,-9.8192841,160.66045737,281.08601713,427.25721736,14.48925714
2019-07-03,1,1,0,0,-0.89787768,159.76257969,281.08601713,426.35933968,14.48925714
2019-07-04,1,1,0,0,-0.41662182,159.34595787,281.08601713,425.94271786,14.48925714
2019-07-05,1,1,0,0,10.91971769,170.26567556,281.08601713,436.86243555,14.48925714
2019-07-06,1,1,0,0,0.02030309,170.28597865,281.08601713,436.88273864,14.48925714
2019-07-07,1,1,0,0,0.07021577,170.35619442,281.08601713,436.95295441,14.48925714
2019-07-08,1,1,0,0,1.02132689,171.37752131,281.08601713,437.9742813,14.48925714
2019-07-09,1,2,0,0,-1.96115737,169.41636394,281.08601713,436.01312393,14.48925714
2019-07-10,1,1,0,0,1.19016797,170.60653191,281.08601713,437.2032919,14.48925714
2019-07-11,1,2,0,0,-6.38701041,164.2195215,281.08601713,430.81628149,14.48925714
2019-07-12,1,1,0,0,3.62562209,167.84514359,281.08601713,434.44190358,14.48925714
2019-07-13,1,1,0,0,0.05150049,167.89664408,281.08601713,434.49340407,14.48925714
2019-07-14,1,1,0,0,0.00651317,167.90315725,281.08601713,434.49991724,14.48925714
2019-07-15,1,1,0,0,25.02704404,192.93020129,281.08601713,459.52696128,14.48925714
2019-07-16,1,1,0,0,-11.36476834,181.56543295,281.08601713,448.16219294,14.48925714
2019-07-17,1,1,0,0,37.17597426,218.74140721,281.08601713,485.3381672,14.48925714
2019-07-18,1,2,0,20.012,2.8588812,201.58828841,301.09801713,488.1970484,14.48925714
2019-07-19,1,2,0,20.015,-4.3543145,177.21897391,321.11301713,483.8427339,14.48925714
2019-07-20,1,1,0,0,0.05815841,177.27713232,321.11301713,483.90089231,14.48925714
2019-07-21,1,1,0,0,0.05656184,177.33369416,321.11301713,483.95745415,14.48925714
2019-07-22,1,1,0,0,7.31511378,184.64880794,321.11301713,491.27256793,14.48925714
2019-07-23,1,1,0,0,-0.00000977,184.64879817,321.11301713,491.27255816,14.48925714
2019-07-24,1,1,0,0,0.04745059,184.69624876,321.11301713,491.32000875,14.48925714
2019-07-25,1,1,0,0,2.1569471,186.85319586,321.11301713,493.47695585,14.48925714
2019-07-26,1,1,0,0,9.13194753,195.98514339,321.11301713,502.60890338,14.48925714
2019-07-27,1,1,0,0,-16.63458402,179.35055937,321.11301713,485.97431936,14.48925714
2019-07-28,1,1,0,0,-0.15745344,179.19310593,321.11301713,485.81686592,14.48925714
2019-07-29,1,1,0,0,-1.66123363,177.5318723,321.11301713,484.15563229,14.48925714
2019-07-30,1,1,0,0,0.00001296,177.53188526,321.11301713,484.15564525,14.48925714
2019-07-31,1,1,0,0,0.07232167,177.60420693,321.11301713,484.22796692,14.48925714
2019-08-01,1,1,0,0,-9.78709455,167.81711238,321.11301713,474.44087237,14.48925714
2019-08-02,1,1,0,0,-0.08180285,167.73530953,321.11301713,474.35906952,14.48925714
2019-08-03,1,1,0,0,2.80580348,170.54111301,321.11301713,477.164873,14.48925714
2019-08-04,1,1,0,0,-0.00001644,170.54109657,321.11301713,477.16485656,14.48925714
2019-08-05,1,1,0,0,1.71836424,172.25946081,321.11301713,478.8832208,14.48925714
2019-08-06,1,1,0,0,1.12774412,173.38720493,321.11301713,480.01096492,14.48925714
2019-08-07,1,1,0,0,7.80314856,181.19035349,321.11301713,487.81411348,14.48925714
2019-08-08,1,1,0,0,9.93610969,191.12646318,321.11301713,497.75022317,14.48925714
2019-08-09,1,1,0,0,-6.41918303,184.70728015,321.11301713,491.33104014,14.48925714
2019-08-10,1,1,0,0,1.95169926,186.65897941,321.11301713,493.2827394,14.48925714
2019-08-11,1,1,0,0,-0.00006584,186.65891357,321.11301713,493.28267356,14.48925714
2019-08-12,1,1,0,0,-0.00001514,186.65889843,321.11301713,493.28265842,14.48925714
2019-08-13,1,1,0,0,-0.00001675,186.65888168,321.11301713,493.28264167,14.48925714
2019-08-14,1,1,0,0,1.87507598,188.53395766,321.11301713,495.15771765,14.48925714
2019-08-15,1,1,0,0,3.91321214,192.4471698,321.11301713,499.07092979,14.48925714
2019-08-16,1,1,0,0,2.32783582,194.77500562,321.11301713,501.39876561,14.48925714
2019-08-17,1,1,0,0,-1.03607927,193.73892635,321.11301713,500.36268634,14.48925714
2019-08-18,1,1,0,0,1.07152305,194.8104494,321.11301713,501.43420939,14.48925714
2019-08-19,1,1,0,0,-9.20951327,185.60093613,321.11301713,492.22469612,14.48925714
2019-08-20,1,1,0,0,2.90899492,188.50993105,321.11301713,495.13369104,14.48925714
2019-08-21,1,1,0,0,8.03320386,196.54313491,321.11301713,503.1668949,14.48925714
2019-08-22,1,1,0,0,0.91254278,197.45567769,321.11301713,504.07943768,14.48925714
2019-08-23,1,1,0,0,3.33420217,200.78987986,321.11301713,507.41363985,14.48925714
2019-08-24,1,1,0,0,5.02579129,205.81567115,321.11301713,512.43943114,14.48925714
2019-08-25,1,1,0,0,0.09382276,205.90949391,321.11301713,512.5332539,14.48925714
2019-08-26,1,1,0,0,12.42161249,218.3311064,321.11301713,524.95486639,14.48925714
2019-08-27,1,1,0,0,0.09386754,218.42497394,321.11301713,525.04873393,14.48925714
2019-08-28,1,1,0,0,-5.21299811,213.21197583,321.11301713,519.83573582,14.48925714
2019-08-29,1,1,0,0,3.65186834,216.86384417,321.11301713,523.48760416,14.48925714
2019-08-30,1,1,0,0,-0.13478279,216.72906138,321.11301713,523.35282137,14.48925714
2019-08-31,1,1,0,0,-0.09715142,216.63190996,321.11301713,523.25566995,14.48925714
2019-09-01,1,1,0,0,-4.40968988,212.22222008,321.11301713,518.84598007,14.48925714
2019-09-02,1,1,0,0,0.00001316,212.22223324,321.11301713,518.84599323,14.48925714
2019-09-03,1,1,0,0,0.00000533,212.22223857,321.11301713,518.84599856,14.48925714
2019-09-04,1,1,0,0,2.86315145,215.08539002,321.11301713,521.70915001,14.48925714
2019-09-05,1,2,0,0,1.64634065,216.73173067,321.11301713,523.35549066,14.48925714
2019-09-06,1,3,0,20.012,3.88206012,200.60179079,341.12501713,527.23755078,14.48925714
2019-09-07,1,1,0,0,9.26673486,209.86852565,341.12501713,536.50428564,14.48925714
2019-09-08,1,1,0,0,-1.88831109,207.98021456,341.12501713,534.61597455,14.48925714
2019-09-09,1,2,0,0,-7.96045838,200.01975618,341.12501713,526.65551617,14.48925714
2019-09-10,1,1,0,0,-0.35092129,199.66883489,341.12501713,526.30459488,14.48925714
2019-09-11,1,1,0,0,0.53203482,200.20086971,341.12501713,526.8366297,14.48925714
2019-09-12,1,1,0,0,-0.8858972,199.31497251,341.12501713,525.9507325,14.48925714
2019-09-13,1,1,0,0,0.00001524,199.31498775,341.12501713,525.95074774,14.48925714
2019-09-14,1,1,0,0,0.00002106,199.31500881,341.12501713,525.9507688,14.48925714
2019-09-15,1,1,0,0,0.00002406,199.31503287,341.12501713,525.95079286,14.48925714
2019-09-16,1,1,0,0,0.00002146,199.31505433,341.12501713,525.95081432,14.48925714
2019-09-17,1,1,0,0,0.00002712,199.31508145,341.12501713,525.95084144,14.48925714
2019-09-18,1,1,0,0,0.00002283,199.31510428,341.12501713,525.95086427,14.48925714
2019-09-19,1,1,0,0,-1.68000077,197.63510351,341.12501713,524.2708635,14.48925714
2019-09-20,1,1,0,0,0.10073035,197.73583386,341.12501713,524.37159385,14.48925714
2019-09-21,1,1,0,0,-0.75084832,196.98498554,341.12501713,523.62074553,14.48925714
2019-09-22,1,1,0,0,-0.00001732,196.98496822,341.12501713,523.62072821,14.48925714
2019-09-23,1,1,0,0,0.04868016,197.03364838,341.12501713,523.66940837,14.48925714
2019-09-24,1,1,0,0,2.37607954,199.40972792,341.12501713,526.04548791,14.48925714
2019-09-25,1,1,0,0,3.73351135,203.14323927,341.12501713,529.77899926,14.48925714
2019-09-26,1,1,0,0,0.1908924,203.33413167,341.12501713,529.96989166,14.48925714
2019-09-27,1,1,0,0,23.98742968,227.32156135,341.12501713,553.95732134,14.48925714
2019-09-28,1,1,0,0,0.0209772,227.34253855,341.12501713,553.97829854,14.48925714
2019-09-29,1,1,0,0,-6.16395369,221.17858486,341.12501713,547.81434485,14.48925714
2019-09-30,1,1,0,0,2.39204953,223.57063439,341.12501713,550.20639438,14.48925714
2019-10-01,1,1,0,0,-4.65597851,218.91465588,341.12501713,545.55041587,14.48925714
2019-10-02,1,1,0,0,-0.00001565,218.91464023,341.12501713,545.55040022,14.48925714
2019-10-03,1,1,0,0,0.00000333,218.91464356,341.12501713,545.55040355,14.48925714
2019-10-04,1,1,0,0,-0.00001343,218.91463013,341.12501713,545.55039012,14.48925714
2019-10-05,1,1,0,0,-0.00001077,218.91461936,341.12501713,545.55037935,14.48925714
2019-10-06,1,1,0,0,0.00000947,218.91462883,341.12501713,545.55038882,14.48925714
2019-10-07,1,1,0,0,7.9293111,226.84393993,341.12501713,553.47969992,14.48925714
2019-10-08,1,1,0,0,2.12028964,228.96422957,341.12501713,555.59998956,14.48925714
2019-10-09,1,1,0,0,0.07354849,229.03777806,341.12501713,555.67353805,14.48925714
2019-10-10,1,1,0,0,-10.09644506,218.941333,341.12501713,545.57709299,14.48925714
2019-10-11,1,1,0,0,0.67566805,219.61700105,341.12501713,546.25276104,14.48925714
2019-10-12,1,1,0,0,-0.00001791,219.61698314,341.12501713,546.25274313,14.48925714
2019-10-13,1,1,0,0,-0.15586141,219.46112173,341.12501713,546.09688172,14.48925714
2019-10-14,1,1,0,0,2.80689838,222.26802011,341.12501713,548.9037801,14.48925714
2019-10-15,1,1,0,0,3.03992543,225.30794554,341.12501713,551.94370553,14.48925714
2019-10-16,1,1,0,0,-3.57949631,221.72844923,341.12501713,548.36420922,14.48925714
2019-10-17,1,1,0,0,-0.00001866,221.72843057,341.12501713,548.36419056,14.48925714
2019-10-18,1,1,0,0,4.71250273,226.4409333,341.12501713,553.07669329,14.48925714
2019-10-19,1,1,0,0,-0.00000276,226.44093054,341.12501713,553.07669053,14.48925714
2019-10-20,1,1,0,0,0.00001899,226.44094953,341.12501713,553.07670952,14.48925714
2019-10-21,1,1,0,0,0.85920821,227.30015774,341.12501713,553.93591773,14.48925714
2019-10-22,1,1,0,0,-0.17162669,227.12853105,341.12501713,553.76429104,14.48925714
2019-10-23,1,1,0,0,0.07376255,227.2022936,341.12501713,553.83805359,14.48925714
2019-10-24,1,1,0,0,25.98044875,253.18274235,341.12501713,579.81850234,14.48925714
2019-10-25,1,1,0,0,1.59778904,254.78053139,341.12501713,581.41629138,14.48925714
2019-10-26,1,1,0,0,-45.20525995,209.57527144,341.12501713,536.21103143,14.48925714
2019-10-27,1,1,0,0,2.40776591,211.98303735,341.12501713,538.61879734,14.48925714
2019-10-28,1,1,0,0,8.34306302,220.32610037,341.12501713,546.96186036,14.48925714
2019-10-29,1,1,0,0,2.72073238,223.04683275,341.12501713,549.68259274,14.48925714
2019-10-30,1,1,0,0,-4.96996964,218.07686311,341.12501713,544.7126231,14.48925714
2019-10-31,1,1,0,0,-3.32824999,214.74861312,341.12501713,541.38437311,14.48925714
2019-11-01,1,1,0,0,-0.00001629,214.74859683,341.12501713,541.38435682,14.48925714
2019-11-02,1,1,0,0,-0.00001619,214.74858064,341.12501713,541.38434063,14.48925714
2019-11-03,1,1,0,0,-0.00380998,214.74477066,341.12501713,541.38053065,14.48925714
2019-11-04,1,1,0,0,0.00001649,214.74478715,341.12501713,541.38054714,14.48925714
2019-11-05,1,1,0,0,0.00002224,214.74480939,341.12501713,541.38056938,14.48925714
2019-11-06,1,1,0,0,0.00003654,214.74484593,341.12501713,541.38060592,14.48925714
2019-11-07,1,1,0,0,0.09526216,214.84010809,341.12501713,541.47586808,14.48925714
2019-11-08,1,1,0,0,4.28211496,219.12222305,341.12501713,545.75798304,14.48925714
2019-11-09,1,1,0,0,9.3456106,228.46783365,341.12501713,555.10359364,14.48925714
2019-11-10,1,1,0,0,0.00001749,228.46785114,341.12501713,555.10361113,14.48925714
2019-11-11,1,1,0,0,0.27799982,228.74585096,341.12501713,555.38161095,14.48925714
2019-11-12,1,1,0,0,0.60063789,229.34648885,341.12501713,555.98224884,14.48925714
2019-11-13,1,1,0,0,1.1129842,230.45947305,341.12501713,557.09523304,14.48925714
2019-11-14,1,1,0,0,-1.09076794,229.36870511,341.12501713,556.0044651,14.48925714
2019-11-15,1,1,0,0,0.03664424,229.40534935,341.12501713,556.04110934,14.48925714
2019-11-16,1,1,0,0,2.53403666,231.93938601,341.12501713,558.575146,14.48925714
2019-11-17,1,1,0,0,0.00001813,231.93940414,341.12501713,558.57516413,14.48925714
2019-11-18,1,1,0,0,-1.2818298,230.65757434,341.12501713,557.29333433,14.48925714
2019-11-19,1,1,0,0,2.19452782,232.85210216,341.12501713,559.48786215,14.48925714
2019-11-20,1,1,0,0,4.49119157,237.34329373,341.12501713,563.97905372,14.48925714
2019-11-21,1,1,0,0,1.4954468,238.83874053,341.12501713,565.47450052,14.48925714
2019-11-22,1,1,0,0,32.37405646,271.21279699,341.12501713,597.84855698,14.48925714
2019-11-23,1,1,0,0,-0.19722013,271.01557686,341.12501713,597.65133685,14.48925714
2019-11-24,1,1,0,0,1.91095599,272.92653285,341.12501713,599.56229284,14.48925714
2019-11-25,1,1,0,0,28.91215731,301.83869016,341.12501713,628.47445015,14.48925714
2019-11-26,1,1,0,0,-0.84138029,300.99730987,341.12501713,627.63306986,14.48925714
2019-11-27,1,1,0,0,-0.87670239,300.12060748,341.12501713,626.75636747,14.48925714
2019-11-28,1,1,0,0,3.61439459,303.73500207,341.12501713,630.37076206,14.48925714
2019-11-29,1,1,0,0,12.81316027,316.54816234,341.12501713,643.18392233,14.48925714
2019-11-30,1,1,0,0,-7.69147824,308.8566841,341.12501713,635.49244409,14.48925714
2019-12-01,1,1,0,0,13.61591141,322.47259551,341.12501713,649.1083555,14.48925714
2019-12-02,1,1,0,0,1.86760934,324.34020485,341.12501713,650.97596484,14.48925714
2019-12-03,1,1,0,0,4.55353867,328.89374352,341.12501713,655.52950351,14.48925714
2019-12-04,1,1,0,0,1.51877019,330.41251371,341.12501713,657.0482737,14.48925714
2019-12-05,1,1,0,0,0.99822173,331.41073544,341.12501713,658.04649543,14.48925714
2019-12-06,1,1,0,0,-0.5833273,330.82740814,341.12501713,657.46316813,14.48925714
2019-12-07,1,1,0,0,-3.9508903,326.87651784,341.12501713,653.51227783,14.48925714
2019-12-08,1,1,0,0,0.00002262,326.87654046,341.12501713,653.51230045,14.48925714
2019-12-09,1,1,0,0,-0.20326498,326.67327548,341.12501713,653.30903547,14.48925714
2019-12-10,1,2,0,0.011,2.56289411,329.22516959,341.13601713,655.87192958,14.48925714
2019-12-11,1,2,0,1.0012,32.35627806,360.58024765,342.13721713,688.22820764,14.48925714
2019-12-12,1,1,0,0,1.24106603,361.82131368,342.13721713,689.46927367,14.48925714
2019-12-13,1,1,0,0,0.17643786,361.99775154,342.13721713,689.64571153,14.48925714
2019-12-14,1,1,0,0,0.00003192,361.99778346,342.13721713,689.64574345,14.48925714
2019-12-15,1,1,0,0,-0.0000573,361.99772616,342.13721713,689.64568615,14.48925714
2019-12-16,1,1,0,0,0.91983867,362.91756483,342.13721713,690.56552482,14.48925714
2019-12-17,1,1,0,0,-3.63757289,359.27999194,342.13721713,686.92795193,14.48925714
2019-12-18,1,1,0,0,15.3075318,374.58752374,342.13721713,702.23548373,14.48925714
2019-12-19,1,1,0,0,-3.50496639,371.08255735,342.13721713,698.73051734,14.48925714
2019-12-20,1,1,0,0,5.62720513,376.70976248,342.13721713,704.35772247,14.48925714
2019-12-21,1,1,0,0,0.90450023,377.61426271,342.13721713,705.2622227,14.48925714
2019-12-22,1,1,0,0,0.32528874,377.93955145,342.13721713,705.58751144,14.48925714
2019-12-23,1,1,0,0,-0.00001941,377.93953204,342.13721713,705.58749203,14.48925714
2019-12-24,1,1,0,0,-2.17122538,375.76830666,342.13721713,703.41626665,14.48925714
2019-12-25,1,1,0,0,5.26682392,381.03513058,342.13721713,708.68309057,14.48925714
2019-12-26,1,1,0,0,-0.60834154,380.42678904,342.13721713,708.07474903,14.48925714
2019-12-27,1,1,0,0,0.00003097,380.42682001,342.13721713,708.07478,14.48925714
2019-12-28,1,1,0,0,1.11589911,381.54271912,342.13721713,709.19067911,14.48925714
2019-12-29,1,1,0,0,-0.00001043,381.54270869,342.13721713,709.19066868,14.48925714
2019-12-30,1,1,0,0,-0.29044628,381.25226241,342.13721713,708.9002224,14.48925714
2019-12-31,1,1,0,0,-4.10161583,377.15064658,342.13721713,704.79860657,14.48925714
2020-01-01,1,1,0,0,0.98812112,378.1387677,342.13721713,705.78672769,14.48925714
2020-01-02,1,1,0,0,-0.20468403,377.93408367,342.13721713,705.58204366,14.48925714
2020-01-03,1,1,0,0,10.90188668,388.83597035,342.13721713,716.48393034,14.48925714
2020-01-04,1,1,0,0,8.45267698,397.28864733,342.13721713,724.93660732,14.48925714
2020-01-05,1,1,0,0,8.58874066,405.87738799,342.13721713,733.52534798,14.48925714
2020-01-06,1,1,0,0,3.13366631,409.0110543,342.13721713,736.65901429,14.48925714
2020-01-07,1,1,0,0,-12.894502,396.1165523,342.13721713,723.76451229,14.48925714
2020-01-08,1,2,0,20.012,3.55378242,379.65833472,362.14921713,727.31829471,14.48925714
2020-01-09,1,1,0,0,33.70871676,413.36705148,362.14921713,761.02701147,14.48925714
2020-01-10,1,1,0,0,3.28579189,416.65284337,362.14921713,764.31280336,14.48925714
2020-01-11,1,2,0,30.012,14.04426045,400.68510382,392.16121713,778.35706381,14.48925714
2020-01-12,1,1,0,0,-0.63046481,400.05463901,392.16121713,777.726599,14.48925714
2020-01-13,1,1,0,0,-0.00001313,400.05462588,392.16121713,777.72658587,14.48925714
2020-01-14,1,1,0,0,0.00225136,400.05687724,392.16121713,777.72883723,14.48925714
2020-01-15,1,2,0,0,1.1999085,401.25678574,392.16121713,778.92874573,14.48925714
2020-01-16,1,2,0,0,0.81456212,402.07134786,392.16121713,779.74330785,14.48925714
2020-01-17,1,4,0,50.012,3.78458526,355.84393312,442.17321713,783.52789311,14.48925714
2020-01-18,1,1,0,0,3.54410309,359.38803621,442.17321713,787.0719962,14.48925714
2020-01-19,1,1,0,0,21.06350759,380.4515438,442.17321713,808.13550379,14.48925714
2020-01-20,1,1,0,0,4.15458624,384.60613004,442.17321713,812.29009003,14.48925714
2020-01-21,1,2,0,0,16.83655327,401.44268331,442.17321713,829.1266433,14.48925714
2020-01-22,1,2,0,0,0.57264035,402.01532366,442.17321713,829.69928365,14.48925714
2020-01-23,1,1,0,0,24.62033555,426.63565921,442.17321713,854.3196192,14.48925714
2020-01-24,1,1,0,0,-0.98866079,425.64699842,442.17321713,853.33095841,14.48925714
2020-01-25,1,1,0,0,-3.48514003,422.16185839,442.17321713,849.84581838,14.48925714
2020-01-26,1,1,0,0,0.00000983,422.16186822,442.17321713,849.84582821,14.48925714
2020-01-27,1,1,0,0,0.12144981,422.28331803,442.17321713,849.96727802,14.48925714
2020-01-28,1,1,0,0,-10.52198548,411.76133255,442.17321713,839.44529254,14.48925714
2020-01-29,1,2,0,0,19.03925113,430.80058368,442.17321713,858.48454367,14.48925714
2020-01-30,1,1,0,0,-0.08316291,430.71742077,442.17321713,858.40138076,14.48925714
2020-01-31,1,2,0,0,-0.81147294,429.90594783,442.17321713,857.58990782,14.48925714
2020-02-01,1,1,0,0,3.44915637,433.3551042,442.17321713,861.03906419,14.48925714
2020-02-02,1,1,0,0,1.68963158,435.04473578,442.17321713,862.72869577,14.48925714
2020-02-03,1,1,0,0,1.32505398,436.36978976,442.17321713,864.05374975,14.48925714
2020-02-04,1,1,0,0,3.60482062,439.97461038,442.17321713,867.65857037,14.48925714
2020-02-05,1,2,0,0,6.60197557,446.57658595,442.17321713,874.26054594,14.48925714
2020-02-06,1,2,0,0,-1.45727956,445.11930639,442.17321713,872.80326638,14.48925714
2020-02-07,1,1,0,0,0.30230654,445.42161293,442.17321713,873.10557292,14.48925714
2020-02-08,1,1,0,0,0.27253678,445.69414971,442.17321713,873.3781097,14.48925714
2020-02-09,1,1,0,0,-11.70865819,433.98549152,442.17321713,861.66945151,14.48925714
2020-02-10,1,1,0,0,8.66356325,442.64905477,442.17321713,870.33301476,14.48925714
2020-02-11,1,1,0,0,1.68454627,444.33360104,442.17321713,872.01756103,14.48925714
2020-02-12,1,1,0,0,9.01332568,453.34692672,442.17321713,881.03088671,14.48925714
2020-02-13,1,2,0,0,1.65580595,455.00273267,442.17321713,882.68669266,14.48925714
2020-02-14,1,1,0,0,-1.90737078,453.09536189,442.17321713,880.77932188,14.48925714
2020-02-15,1,2,0,50.012,-0.87367054,402.20969135,492.18521713,879.90565134,14.48925714
2020-02-16,1,1,0,0,11.07480584,413.28449719,492.18521713,890.98045718,14.48925714
2020-02-17,1,2,0,0,0.26480818,413.54930537,492.18521713,891.24526536,14.48925714
2020-02-18,1,2,0,0,-17.23327738,396.31602799,492.18521713,874.01198798,14.48925714
2020-02-19,1,1,0,0,-0.02049487,396.29553312,492.18521713,873.99149311,14.48925714
2020-02-20,1,1,0,0,0.01847271,396.31400583,492.18521713,874.00996582,14.48925714
2020-02-21,1,1,0,0,0.26185131,396.57585714,492.18521713,874.27181713,14.48925714
2020-02-22,1,1,0,0,0.27854846,396.8544056,492.18521713,874.55036559,14.48925714
2020-02-23,1,1,0,0,0.27790045,397.13230605,492.18521713,874.82826604,14.48925714
2020-02-24,1,1,0,0,-5.97622596,391.15608009,492.18521713,868.85204008,14.48925714
2020-02-25,1,1,0,0,2.76450858,393.92058867,492.18521713,871.61654866,14.48925714
2020-02-26,1,2,0,0,0.16185099,394.08243966,492.18521713,871.77839965,14.48925714
2020-02-27,1,2,0,0,-13.52521694,380.55722272,492.18521713,858.25318271,14.48925714
2020-02-28,1,1,0,0,5.12879102,385.68601374,492.18521713,863.38197373,14.48925714
2020-02-29,1,1,0,0,31.91112447,417.59713821,492.18521713,895.2930982,14.48925714
2020-03-01,1,1,0,0,3.68510868,421.28224689,492.18521713,898.97820688,14.48925714
2020-03-02,1,1,0,0,1.9492617,423.23150859,492.18521713,900.92746858,14.48925714
2020-03-03,1,1,0,0,0.31155982,423.54306841,492.18521713,901.2390284,14.48925714
2020-03-04,1,1,0,0,0.02623335,423.56930176,492.18521713,901.26526175,14.48925714
2020-03-05,1,1,0,0,-31.40735619,392.16194557,492.18521713,869.85790556,14.48925714
2020-03-06,1,1,0,0,0.29751824,392.45946381,492.18521713,870.1554238,14.48925714
2020-03-07,1,1,0,0,-1.19624344,391.26322037,492.18521713,868.95918036,14.48925714
2020-03-08,1,1,0,0,0.10090439,391.36412476,492.18521713,869.06008475,14.48925714
2020-03-09,1,1,0,0,23.86035156,415.22447632,492.18521713,892.92043631,14.48925714
2020-03-10,1,1,0,0,2.9341447,418.15862102,492.18521713,895.85458101,14.48925714
2020-03-11,1,1,0,0,11.38727681,429.54589783,492.18521713,907.24185782,14.48925714
2020-03-12,1,1,0,0,-22.48469416,407.06120367,492.18521713,884.75716366,14.48925714
2020-03-13,1,3,0,50.012,275.53795475,632.58715842,542.19721713,1160.29511841,14.48925714
2020-03-14,1,1,0,0,-31.30713645,601.28002197,542.19721713,1128.98798196,14.48925714
2020-03-15,1,2,0,0,-9.21922351,592.06079846,542.19721713,1119.76875845,14.48925714
2020-03-16,1,1,0,0,-20.8059466,571.25485186,542.19721713,1098.96281185,14.48925714
2020-03-17,1,1,0,0,21.76336425,593.01821611,542.19721713,1120.7261761,14.48925714
2020-03-18,1,1,0,0,8.51584151,601.53405762,542.19721713,1129.24201761,14.48925714
2020-03-19,1,1,0,0,-25.94085463,575.59320299,542.19721713,1103.30116298,14.48925714
2020-03-20,1,1,0,0,-78.8517813,496.74142169,542.19721713,1024.44938168,14.48925714
2020-03-21,1,1,0,0,1.97490297,498.71632466,542.19721713,1026.42428465,14.48925714
2020-03-22,1,1,0,0,25.54875408,524.26507874,542.19721713,1051.97303873,14.48925714
2020-03-23,1,1,0,0,46.68148444,570.94656318,542.19721713,1098.65452317,14.48925714
2020-03-24,1,2,0,50.012,5.50114405,526.43570723,592.20921713,1104.15566722,14.48925714
2020-03-25,1,1,0,0,1.35649637,527.7922036,592.20921713,1105.51216359,14.48925714
2020-03-26,1,1,0,0,-0.62950774,527.16269586,592.20921713,1104.88265585,14.48925714
2020-03-27,1,2,0,0,-10.26482096,516.8978749,592.20921713,1094.61783489,14.48925714
2020-03-28,1,1,0,0,33.97613041,550.87400531,592.20921713,1128.5939653,14.48925714
2020-03-29,1,1,0,0,2.64667794,553.52068325,592.20921713,1131.24064324,14.48925714
2020-03-30,1,1,0,0,61.31053094,614.83121419,592.20921713,1192.55117418,14.48925714
2020-03-31,1,1,0,0,2.08264039,616.91385458,592.20921713,1194.63381457,14.48925714
2020-04-01,1,1,0,0,6.35149575,623.26535033,592.20921713,1200.98531032,14.48925714
2020-04-02,1,1,0,0,-0.6859943,622.57935603,592.20921713,1200.29931602,14.48925714
2020-04-03,1,1,0,0,-110.02862944,512.55072659,592.20921713,1090.27068658,14.48925714
2020-04-04,1,1,0,0,-0.90532508,511.64540151,592.20921713,1089.3653615,14.48925714
2020-04-05,1,1,0,0,-0.64134609,511.00405542,592.20921713,1088.72401541,14.48925714
2020-04-06,1,1,0,0,-29.79599752,481.2080579,592.20921713,1058.92801789,14.48925714
2020-04-07,1,1,0,0,0.1443157,481.3523736,592.20921713,1059.07233359,14.48925714
2020-04-08,1,1,0,0,1.48061607,482.83298967,592.20921713,1060.55294966,14.48925714
2020-04-09,1,1,0,0,-3.34641684,479.48657283,592.20921713,1057.20653282,14.48925714
2020-04-10,1,1,0,0,16.6737097,496.16028253,592.20921713,1073.88024252,14.48925714
2020-04-11,1,1,0,0,15.56050755,511.72079008,592.20921713,1089.44075007,14.48925714
2020-04-12,1,1,0,0,-0.74054288,510.9802472,592.20921713,1088.70020719,14.48925714
2020-04-13,1,1,0,0,22.29862062,533.27886782,592.20921713,1110.99882781,14.48925714
2020-04-14,1,1,0,0,5.83249943,539.11136725,592.20921713,1116.83132724,14.48925714
2020-04-15,1,1,0,0,0.18006055,539.2914278,592.20921713,1117.01138779,14.48925714
2020-04-16,1,1,0,0,-12.81586454,526.47556326,592.20921713,1104.19552325,14.48925714
2020-04-17,1,1,0,0,6.72919376,533.20475702,592.20921713,1110.92471701,14.48925714
2020-04-18,1,1,0,0,-0.00000806,533.20474896,592.20921713,1110.92470895,14.48925714
2020-04-19,1,1,0,0,-0.00001034,533.20473862,592.20921713,1110.92469861,14.48925714
2020-04-20,1,1,0,0,0.00199702,533.20673564,592.20921713,1110.92669563,14.48925714
2020-04-21,1,1,0,0,11.01849592,544.22523156,592.20921713,1121.94519155,14.48925714
2020-04-22,1,1,0,0,5.61269745,549.83792901,592.20921713,1127.557889,14.48925714
2020-04-23,1,1,0,0,-2.68649332,547.15143569,592.20921713,1124.87139568,14.48925714
2020-04-24,1,1,0,0,0.00000485,547.15144054,592.20921713,1124.87140053,14.48925714
2020-04-25,1,1,0,0,0.00001708,547.15145762,592.20921713,1124.87141761,14.48925714
2020-04-26,1,1,0,0,-2.01004734,545.14141028,592.20921713,1122.86137027,14.48925714
2020-04-27,1,1,0,0,2.9233819,548.06479218,592.20921713,1125.78475217,14.48925714
2020-04-28,1,1,0,0,-0.63302909,547.43176309,592.20921713,1125.15172308,14.48925714
2020-04-29,1,1,0,0,13.22838822,560.66015131,592.20921713,1138.3801113,14.48925714
2020-04-30,1,1,0,0,5.46455094,566.12470225,592.20921713,1143.84466224,14.48925714
2020-05-01,1,1,0,0,23.61413564,589.73883789,592.20921713,1167.45879788,14.48925714
2020-05-02,1,2,0,50.012,0.03312766,539.75996555,642.22121713,1167.49192554,14.48925714
2020-05-03,1,1,0,0,10.17142803,549.93139358,642.22121713,1177.66335357,14.48925714
2020-05-04,1,1,0,0,-3.09356774,546.83782584,642.22121713,1174.56978583,14.48925714
2020-05-05,1,1,0,0,10.05654253,556.89436837,642.22121713,1184.62632836,14.48925714
2020-05-06,1,1,0,0,5.98581571,562.88018408,642.22121713,1190.61214407,14.48925714
2020-05-07,1,1,0,0,-13.25811286,549.62207122,642.22121713,1177.35403121,14.48925714
2020-05-08,1,1,0,0,-0.01694464,549.60512658,642.22121713,1177.33708657,14.48925714
2020-05-09,1,1,0,0,-0.04502281,549.56010377,642.22121713,1177.29206376,14.48925714
2020-05-10,1,1,0,0,49.17873392,598.73883769,642.22121713,1226.47079768,14.48925714
2020-05-11,1,2,0,50.015,-0.23719375,548.48664394,692.23621713,1226.23360393,14.48925714
2020-05-12,1,1,0,0,-25.58523436,522.90140958,692.23621713,1200.64836957,14.48925714
2020-05-13,1,1,0,0,0.00000102,522.9014106,692.23621713,1200.64837059,14.48925714
2020-05-14,1,1,0,0,-26.41735993,496.48405067,692.23621713,1174.23101066,14.48925714
2020-05-15,1,1,0,0,8.02668034,504.51073101,692.23621713,1182.257691,14.48925714
2020-05-16,1,1,0,0,0.00001584,504.51074685,692.23621713,1182.25770684,14.48925714
2020-05-17,1,1,0,0,0.00001588,504.51076273,692.23621713,1182.25772272,14.48925714
2020-05-18,1,1,0,0,0.00002578,504.51078851,692.23621713,1182.2577485,14.48925714
2020-05-19,1,1,0,0,-9.65698593,494.85380258,692.23621713,1172.60076257,14.48925714
2020-05-20,1,1,0,0,-0.00022271,494.85357987,692.23621713,1172.60053986,14.48925714
2020-05-21,1,1,0,0,9.15850703,504.0120869,692.23621713,1181.75904689,14.48925714
2020-05-22,1,1,0,0,32.23537262,536.24745952,692.23621713,1213.99441951,14.48925714
2020-05-23,1,1,0,0,-0.09665333,536.15080619,692.23621713,1213.89776618,14.48925714
2020-05-24,1,1,0,0,-0.47816584,535.67264035,692.23621713,1213.41960034,14.48925714
2020-05-25,1,1,0,0,17.61248758,553.28512793,692.23621713,1231.03208792,14.48925714
2020-05-26,1,1,0,0,4.64047428,557.92560221,692.23621713,1235.6725622,14.48925714
2020-05-27,1,1,0,0,-3.7909121,554.13469011,692.23621713,1231.8816501,14.48925714
2020-05-28,1,1,0,0,-0.1134683,554.02122181,692.23621713,1231.7681818,14.48925714
2020-05-29,1,1,0,0,-16.07976059,537.94146122,692.23621713,1215.68842121,14.48925714
2020-05-30,1,1,0,0,0.00000153,537.94146275,692.23621713,1215.68842274,14.48925714
2020-05-31,1,1,0,0,0.0000015,537.94146425,692.23621713,1215.68842424,14.48925714
2020-06-01,1,1,0,0,0.0000015,537.94146575,692.23621713,1215.68842574,14.48925714
2020-06-02,1,1,0,0,-0.24605009,537.69541566,692.23621713,1215.44237565,14.48925714
2020-06-03,1,1,0,0,-45.37317781,492.32223785,692.23621713,1170.06919784,14.48925714
2020-06-04,1,1,0,0,2.7e-7,492.32223812,692.23621713,1170.06919811,14.48925714
2020-06-05,1,1,0,0,-0.34315417,491.97908395,692.23621713,1169.72604394,14.48925714
2020-06-06,1,1,0,0,7.78189546,499.76097941,692.23621713,1177.5079394,14.48925714
2020-06-07,1,1,0,0,-0.56596538,499.19501403,692.23621713,1176.94197402,14.48925714
2020-06-08,1,1,0,0,-6.26243931,492.93257472,692.23621713,1170.67953471,14.48925714
2020-06-09,1,1,0,0,0.15436659,493.08694131,692.23621713,1170.8339013,14.48925714
2020-06-10,1,1,0,0,0.13861377,493.22555508,692.23621713,1170.97251507,14.48925714
2020-06-11,1,1,0,0,-11.58753864,481.63801644,692.23621713,1159.38497643,14.48925714
2020-06-12,1,1,0,0,-1.59947944,480.038537,692.23621713,1157.78549699,14.48925714
2020-06-13,1,1,0,0,0.44127168,480.47980868,692.23621713,1158.22676867,14.48925714
2020-06-14,1,1,0,0,0.10786436,480.58767304,692.23621713,1158.33463303,14.48925714
2020-06-15,1,1,0,0,37.8565742,518.44424724,692.23621713,1196.19120723,14.48925714
2020-06-16,1,1,0,0,6.49906006,524.9433073,692.23621713,1202.69026729,14.48925714
2020-06-17,1,1,0,0,-0.00000673,524.94330057,692.23621713,1202.69026056,14.48925714
2020-06-18,1,1,0,0,-0.29873504,524.64456553,692.23621713,1202.39152552,14.48925714
2020-06-19,1,1,0,0,-0.56284158,524.08172395,692.23621713,1201.82868394,14.48925714
2020-06-20,1,1,0,0,-0.19287684,523.88884711,692.23621713,1201.6358071,14.48925714
2020-06-21,1,1,0,0,-0.19299684,523.69585027,692.23621713,1201.44281026,14.48925714
2020-06-22,1,1,0,0,-0.63341526,523.06243501,692.23621713,1200.809395,14.48925714
2020-06-23,1,1,0,0,-0.14500146,522.91743355,692.23621713,1200.66439354,14.48925714
2020-06-24,1,1,0,0,18.48414719,541.40158074,692.23621713,1219.14854073,14.48925714
2020-06-25,1,1,0,0,13.76992062,555.17150136,692.23621713,1232.91846135,14.48925714
2020-06-26,1,1,0,0,10.22956041,565.40106177,692.23621713,1243.14802176,14.48925714
2020-06-27,1,1,0,0,8.50076539,573.90182716,692.23621713,1251.64878715,14.48925714
2020-06-28,1,1,0,0,10.3386714,584.24049856,692.23621713,1261.98745855,14.48925714
2020-06-29,1,1,0,0,0.00265646,584.24315502,692.23621713,1261.99011501,14.48925714
2020-06-30,1,1,0,0,0.72971104,584.97286606,692.23621713,1262.71982605,14.48925714
2020-07-01,1,1,0,0,-0.33527698,584.63758908,692.23621713,1262.38454907,14.48925714
2020-07-02,1,1,0,0,-10.81235826,573.82523082,692.23621713,1251.57219081,14.48925714
2020-07-03,1,1,0,0,11.24803503,585.07326585,692.23621713,1262.82022584,14.48925714
2020-07-04,1,1,0,0,0.075129,585.14839485,692.23621713,1262.89535484,14.48925714
2020-07-05,1,1,0,0,0.20330508,585.35169993,692.23621713,1263.09865992,14.48925714
2020-07-06,1,1,0,0,-9.81070803,575.5409919,692.23621713,1253.28795189,14.48925714
2020-07-07,1,1,0,0,-0.04381256,575.49717934,692.23621713,1253.24413933,14.48925714
2020-07-08,1,2,0,0,-0.06921359,575.42796575,692.23621713,1253.17492574,14.48925714
2020-07-09,1,2,0,0,3.58168337,579.00964912,692.23621713,1256.75660911,14.48925714
2020-07-10,1,2,0,0,-12.55349281,566.45615631,692.23621713,1244.2031163,14.48925714
2020-07-11,1,2,0,0,-0.2937554,566.16240091,692.23621713,1243.9093609,14.48925714
2020-07-12,1,2,0,0,-0.10446289,566.05793802,692.23621713,1243.80489801,14.48925714
2020-07-13,1,2,0,0,-0.06986486,565.98807316,692.23621713,1243.73503315,14.48925714
2020-07-14,1,2,0,0,0.17793096,566.16600412,692.23621713,1243.91296411,14.48925714
2020-07-15,1,1,0,0,0.00001383,566.16601795,692.23621713,1243.91297794,14.48925714
2020-07-16,1,1,0,0,0.00001389,566.16603184,692.23621713,1243.91299183,14.48925714
2020-07-17,1,1,0,0,0.00001404,566.16604588,692.23621713,1243.91300587,14.48925714
2020-07-18,1,1,0,0,0.00001398,566.16605986,692.23621713,1243.91301985,14.48925714
2020-07-19,1,1,0,0,0.00001028,566.16607014,692.23621713,1243.91303013,14.48925714
2020-07-20,1,1,0,0,0.00001396,566.1660841,692.23621713,1243.91304409,14.48925714
2020-07-21,1,1,0,0,-0.04700778,566.11907632,692.23621713,1243.86603631,14.48925714
2020-07-22,1,1,0,0,0.77015548,566.8892318,692.23621713,1244.63619179,14.48925714
2020-07-23,1,1,0,0,-0.00001437,566.88921743,692.23621713,1244.63617742,14.48925714
2020-07-24,1,1,0,0,11.12209257,578.01131,692.23621713,1255.75826999,14.48925714
2020-07-25,1,1,0,0,4.24388823,582.25519823,692.23621713,1260.00215822,14.48925714
2020-07-26,1,1,0,0,-0.00001402,582.25518421,692.23621713,1260.0021442,14.48925714
2020-07-27,1,1,0,0,-0.0000458,582.25513841,692.23621713,1260.0020984,14.48925714
2020-07-28,1,1,0,0,3.90182423,586.15696264,692.23621713,1263.90392263,14.48925714
2020-07-29,1,1,0,0,8.210275,594.36723764,692.23621713,1272.11419763,14.48925714
2020-07-30,1,1,0,0,5.0858084,599.45304604,692.23621713,1277.20000603,14.48925714
2020-07-31,1,1,0,0,-0.02952773,599.42351831,692.23621713,1277.1704783,14.48925714
2020-08-01,1,1,0,0,28.21533106,627.63884937,692.23621713,1305.38580936,14.48925714
2020-08-02,1,2,0,72.012,38.92759804,594.55444741,764.24821713,1344.3134074,14.48925714
2020-08-03,1,1,0,0,4.63655862,599.19100603,764.24821713,1348.94996602,14.48925714
2020-08-04,1,1,0,0,6.10601997,605.297026,764.24821713,1355.05598599,14.48925714
2020-08-05,1,1,0,0,7.73270928,613.02973528,764.24821713,1362.78869527,14.48925714
2020-08-06,1,1,0,0,23.80392595,636.83366123,764.24821713,1386.59262122,14.48925714
2020-08-07,1,1,0,0,9.30575429,646.13941552,764.24821713,1395.89837551,14.48925714
2020-08-08,1,1,0,0,14.87850583,661.01792135,764.24821713,1410.77688134,14.48925714
2020-08-09,1,1,0,0,-0.48452199,660.53339936,764.24821713,1410.29235935,14.48925714
2020-08-10,1,1,0,0,-0.30558621,660.22781315,764.24821713,1409.98677314,14.48925714
2020-08-11,1,1,0,0,-0.66669697,659.56111618,764.24821713,1409.32007617,14.48925714
2020-08-12,1,1,0,0,-11.03932383,648.52179235,764.24821713,1398.28075234,14.48925714
2020-08-13,1,1,0,0,11.40503946,659.92683181,764.24821713,1409.6857918,14.48925714
2020-08-14,1,1,0,0,-0.00121554,659.92561627,764.24821713,1409.68457626,14.48925714
2020-08-15,1,1,0,0,0.00004525,659.92566152,764.24821713,1409.68462151,14.48925714
2020-08-16,1,1,0,0,0.00005354,659.92571506,764.24821713,1409.68467505,14.48925714
2020-08-17,1,1,0,0,0.00005084,659.9257659,764.24821713,1409.68472589,14.48925714
2020-08-18,1,1,0,0,-4.18958556,655.73618034,764.24821713,1405.49514033,14.48925714
2020-08-19,1,2,0,50.012,15.28619122,621.01037156,814.26021713,1420.78133155,14.48925714
2020-08-20,1,1,0,0,12.68005584,633.6904274,814.26021713,1433.46138739,14.48925714
2020-08-21,1,1,0,0,8.42094438,642.11137178,814.26021713,1441.88233177,14.48925714
2020-08-22,1,1,0,0,-0.18502809,641.92634369,814.26021713,1441.69730368,14.48925714
2020-08-23,1,1,0,0,-4.99616403,636.93017966,814.26021713,1436.70113965,14.48925714
2020-08-24,1,2,0,50.002,3.99105949,590.91923915,864.26221713,1440.69219914,14.48925714
2020-08-25,1,1,0,0,6.8323402,597.75157935,864.26221713,1447.52453934,14.48925714
2020-08-26,1,1,0,0,22.51667278,620.26825213,864.26221713,1470.04121212,14.48925714
2020-08-27,1,1,0,0,-14.51031325,605.75793888,864.26221713,1455.53089887,14.48925714
2020-08-28,1,1,0,0,-25.23994094,580.51799794,864.26221713,1430.29095793,14.48925714
2020-08-29,1,1,0,0,0.00020231,580.51820025,864.26221713,1430.29116024,14.48925714
2020-08-30,1,1,0,0,0.76911773,581.28731798,864.26221713,1431.06027797,14.48925714
2020-08-31,1,1,0,0,0.24487433,581.53219231,864.26221713,1431.3051523,14.48925714
2020-09-01,1,1,0,0,-0.6515887,580.88060361,864.26221713,1430.6535636,14.48925714
2020-09-02,1,1,0,0,55.32824255,636.20884616,864.26221713,1485.98180615,14.48925714
2020-09-03,1,1,0,0,37.28411547,673.49296163,864.26221713,1523.26592162,14.48925714
2020-09-04,1,1,0,0,50.46487675,723.95783838,864.26221713,1573.73079837,14.48925714
2020-09-05,1,1,0,0,61.04240116,785.00023954,864.26221713,1634.77319953,14.48925714
2020-09-06,1,1,0,0,27.0789467,812.07918624,864.26221713,1661.85214623,14.48925714
2020-09-07,1,1,0,0,1.35792687,813.43711311,864.26221713,1663.2100731,14.48925714
2020-09-08,1,1,0,0,3.38656206,816.82367517,864.26221713,1666.59663516,14.48925714
2020-09-09,1,1,0,0,-40.10191334,776.72176183,864.26221713,1626.49472182,14.48925714
2020-09-10,1,1,0,0,-22.35143847,754.37032336,864.26221713,1604.14328335,14.48925714
2020-09-11,1,1,0,0,0.00001827,754.37034163,864.26221713,1604.14330162,14.48925714
2020-09-12,1,1,0,0,0.00000799,754.37034962,864.26221713,1604.14330961,14.48925714
2020-09-13,1,1,0,0,-0.5608838,753.80946582,864.26221713,1603.58242581,14.48925714
2020-09-14,1,1,0,0,-0.51760997,753.29185585,864.26221713,1603.06481584,14.48925714
2020-09-15,1,1,0,0,-8.95433329,744.33752256,864.26221713,1594.11048255,14.48925714
2020-09-16,1,1,0,0,-0.00227233,744.33525023,864.26221713,1594.10821022,14.48925714
2020-09-17,1,1,0,0,-62.37905103,681.9561992,864.26221713,1531.72915919,14.48925714
2020-09-18,1,1,0,0,-20.28164064,661.67455856,864.26221713,1511.44751855,14.48925714
2020-09-19,1,1,0,0,0.19267699,661.86723555,864.26221713,1511.64019554,14.48925714
2020-09-20,1,1,0,0,-0.10174735,661.7654882,864.26221713,1511.53844819,14.48925714
2020-09-21,1,1,0,0,-0.40755354,661.35793466,864.26221713,1511.13089465,14.48925714
2020-09-22,1,1,0,0,28.47681014,689.8347448,864.26221713,1539.60770479,14.48925714
2020-09-23,1,1,0,0,-3.64313374,686.19161106,864.26221713,1535.96457105,14.48925714
2020-09-24,1,1,0,0,23.46981479,709.66142585,864.26221713,1559.43438584,14.48925714
2020-09-25,1,1,0,0,-32.36760491,677.29382094,864.26221713,1527.06678093,14.48925714
2020-09-26,1,1,0,0,4.87272711,682.16654805,864.26221713,1531.93950804,14.48925714
2020-09-27,1,1,0,0,0.18000149,682.34654954,864.26221713,1532.11950953,14.48925714
2020-09-28,1,1,0,0,0.17794832,682.52449786,864.26221713,1532.29745785,14.48925714
2020-09-29,1,1,0,0,0.24980967,682.77430753,864.26221713,1532.54726752,14.48925714
2020-09-30,1,1,0,0,0.21775647,682.992064,864.26221713,1532.76502399,14.48925714
2020-10-01,1,1,0,0,0.06159937,683.05366337,864.26221713,1532.82662336,14.48925714
2020-10-02,1,2,0,50.012,10.91011896,643.95178233,914.27421713,1543.73674232,14.48925714
2020-10-03,1,1,0,0,-0.000028,643.95175433,914.27421713,1543.73671432,14.48925714
2020-10-04,1,1,0,0,-0.00002631,643.95172802,914.27421713,1543.73668801,14.48925714
2020-10-05,1,1,0,0,-0.00000941,643.95171861,914.27421713,1543.7366786,14.48925714
2020-10-06,1,1,0,0,0.10089239,644.052611,914.27421713,1543.83757099,14.48925714
2020-10-07,1,1,0,0,2.68497829,646.73758929,914.27421713,1546.52254928,14.48925714
2020-10-08,1,2,0,0,6.98273274,653.72032203,914.27421713,1553.50528202,14.48925714
2020-10-09,1,2,0,0,-0.02202983,653.6982922,914.27421713,1553.48325219,14.48925714
2020-10-10,1,2,0,0,-0.02258799,653.67570421,914.27421713,1553.4606642,14.48925714
2020-10-11,1,2,0,0,-0.06700733,653.60869688,914.27421713,1553.39365687,14.48925714
2020-10-12,1,2,0,0,-1.19464108,652.4140558,914.27421713,1552.19901579,14.48925714
2020-10-13,1,2,0,0,-0.36157517,652.05248063,914.27421713,1551.83744062,14.48925714
2020-10-14,1,2,0,0,9.01458225,661.06706288,914.27421713,1560.85202287,14.48925714
2020-10-15,1,1,0,0,-7.77675716,653.29030572,914.27421713,1553.07526571,14.48925714
2020-10-16,1,1,0,0,-3.85201803,649.43828769,914.27421713,1549.22324768,14.48925714
2020-10-17,1,1,0,0,-0.01026141,649.42802628,914.27421713,1549.21298627,14.48925714
2020-10-18,1,1,0,0,-0.01559162,649.41243466,914.27421713,1549.19739465,14.48925714
2020-10-19,1,1,0,0,-0.20609193,649.20634273,914.27421713,1548.99130272,14.48925714
2020-10-20,1,1,0,0,0.25897881,649.46532154,914.27421713,1549.25028153,14.48925714
2020-10-21,1,1,0,0,-146.1261631,503.33915844,914.27421713,1403.12411843,14.48925714
2020-10-22,1,1,0,0,19.5695635,522.90872194,914.27421713,1422.69368193,14.48925714
2020-10-23,1,1,0,0,-14.71446158,508.19426036,914.27421713,1407.97922035,14.48925714
2020-10-24,1,1,0,0,-0.23143688,507.96282348,914.27421713,1407.74778347,14.48925714
2020-10-25,1,1,0,0,-0.22816677,507.73465671,914.27421713,1407.5196167,14.48925714
2020-10-26,1,1,0,0,-0.22999684,507.50465987,914.27421713,1407.28961986,14.48925714
2020-10-27,1,1,0,0,-0.37230177,507.1323581,914.27421713,1406.91731809,14.48925714
2020-10-28,1,1,0,0,31.37485158,538.50720968,914.27421713,1438.29216967,14.48925714
2020-10-29,1,1,0,0,50.92742554,589.43463522,914.27421713,1489.21959521,14.48925714
2020-10-30,1,1,0,0,-8.56313645,580.87149877,914.27421713,1480.65645876,14.48925714
2020-10-31,1,1,0,0,21.59877241,602.47027118,914.27421713,1502.25523117,14.48925714
2020-11-01,1,1,0,0,0.20064798,602.67091916,914.27421713,1502.45587915,14.48925714
2020-11-02,1,1,0,0,7.06413281,609.73505197,914.27421713,1509.52001196,14.48925714
2020-11-03,1,1,0,0,31.99829828,641.73335025,914.27421713,1541.51831024,14.48925714
2020-11-04,1,1,0,0,-13.35191279,628.38143746,914.27421713,1528.16639745,14.48925714
2020-11-05,1,1,0,0,25.57034782,653.95178528,914.27421713,1553.73674527,14.48925714
2020-11-06,1,1,0,0,-33.09816025,620.85362503,914.27421713,1520.63858502,14.48925714
2020-11-07,1,4,0,0,15.2427129,636.09633793,914.27421713,1535.88129792,14.48925714
2020-11-08,1,2,0,0,-16.10151766,619.99482027,914.27421713,1519.77978026,14.48925714
2020-11-09,1,1,0,0,-57.3174462,562.67737407,914.27421713,1462.46233406,14.48925714
2020-11-10,1,1,0,0,-10.23085092,552.44652315,914.27421713,1452.23148314,14.48925714
2020-11-11,1,1,0,0,-1.17359227,551.27293088,914.27421713,1451.05789087,14.48925714
2020-11-12,0,0,0,0,0,551.27293088,914.27421713,1451.05789087,14.48925714
2020-11-13,0,0,0,0,0,551.27293088,914.27421713,1451.05789087,14.48925714
2020-11-14,0,0,0,0,0,551.27293088,914.27421713,1451.05789087,14.48925714
2020-11-15,0,0,0,0,0,551.27293088,914.27421713,1451.05789087,14.48925714
2020-11-16,1,1,0,0,0.00359484,551.27652572,914.27421713,1451.06148571,14.48925714
2020-11-17,1,1,0,0,0.18136,551.45788572,914.27421713,1451.24284571,14.48925714
2020-11-18,1,1,0,0,-24.79406156,526.66382416,914.27421713,1426.44878415,14.48925714
2020-11-19,1,1,0,0,0.18019219,526.84401635,914.27421713,1426.62897634,14.48925714
2020-11-20,1,1,0,0,-8.10593686,518.73807949,914.27421713,1418.52303948,14.48925714
2020-11-21,1,1,0,0,-1.01211911,517.72596038,914.27421713,1417.51092037,14.48925714
2020-11-22,1,1,0,0,-7.90078587,509.82517451,914.27421713,1409.6101345,14.48925714
2020-11-23,1,1,0,0,-2.74547395,507.07970056,914.27421713,1406.86466055,14.48925714
2020-11-24,1,2,0,0,4.30967932,511.38937988,914.27421713,1411.17433987,14.48925714
2020-11-25,1,1,0,0,17.6790211,529.06840098,914.27421713,1428.85336097,14.48925714
2020-11-26,1,1,0,0,10.87671665,539.94511763,914.27421713,1439.73007762,14.48925714
2020-11-27,1,1,0,0,68.44212569,608.38724332,914.27421713,1508.17220331,14.48925714
2020-11-28,1,1,0,0,0.69027184,609.07751516,914.27421713,1508.86247515,14.48925714
2020-11-29,1,1,0,0,18.24888267,627.32639783,914.27421713,1527.11135782,14.48925714
2020-11-30,1,1,0,0,9.74088785,637.06728568,914.27421713,1536.85224567,14.48925714
2020-12-01,1,1,0,0,-61.5920771,575.47520858,914.27421713,1475.26016857,14.48925714
2020-12-02,1,1,0,0,42.5898121,618.06502068,914.27421713,1517.84998067,14.48925714
2020-12-03,1,1,0,0,-0.00002887,618.06499181,914.27421713,1517.8499518,14.48925714
2020-12-04,1,1,0,0,-0.00002855,618.06496326,914.27421713,1517.84992325,14.48925714
2020-12-05,1,1,0,0,1.31567555,619.38063881,914.27421713,1519.1655988,14.48925714
2020-12-06,1,1,0,0,-1.23977779,618.14086102,914.27421713,1517.92582101,14.48925714
2020-12-07,1,1,0,0,-12.97217591,605.16868511,914.27421713,1504.9536451,14.48925714
2020-12-08,1,1,0,0,-0.00203696,605.16664815,914.27421713,1504.95160814,14.48925714
2020-12-09,1,1,0,0,-0.20836068,604.95828747,914.27421713,1504.74324746,14.48925714
2020-12-10,1,1,0,0,0.26045872,605.21874619,914.27421713,1505.00370618,14.48925714
2020-12-11,1,1,0,0,-1.94967937,603.26906682,914.27421713,1503.05402681,14.48925714
2020-12-12,1,1,0,0,-0.45281723,602.81624959,914.27421713,1502.60120958,14.48925714
2020-12-13,1,1,0,0,57.13764177,659.95389136,914.27421713,1559.73885135,14.48925714
2020-12-14,1,1,0,0,2.81806134,662.7719527,914.27421713,1562.55691269,14.48925714
2020-12-15,1,1,0,0,-0.00000735,662.77194535,914.27421713,1562.55690534,14.48925714
2020-12-16,1,1,0,0,-0.00000634,662.77193901,914.27421713,1562.556899,14.48925714
2020-12-17,1,1,0,0,-57.98047425,604.79146476,914.27421713,1504.57642475,14.48925714
2020-12-18,1,1,0,0,15.99265903,620.78412379,914.27421713,1520.56908378,14.48925714
2020-12-19,1,1,0,0,1.6895593,622.47368309,914.27421713,1522.25864308,14.48925714
2020-12-20,1,2,0,50.012,0.70551933,573.16720242,964.28621713,1522.96416241,14.48925714
2020-12-21,1,1,0,0,-16.84882843,556.31837399,964.28621713,1506.11533398,14.48925714
2020-12-22,1,1,0,0,31.5029993,587.82137329,964.28621713,1537.61833328,14.48925714
2020-12-23,1,1,0,0,4.95871279,592.78008608,964.28621713,1542.57704607,14.48925714
2020-12-24,1,2,0,0,45.24047944,638.02056552,964.28621713,1587.81752551,14.48925714
2020-12-25,1,2,0,0,-0.02299723,637.99756829,964.28621713,1587.79452828,14.48925714
2020-12-26,1,2,0,0,1.08857265,639.08614094,964.28621713,1588.88310093,14.48925714
2020-12-27,1,2,0,0,1.48402687,640.57016781,964.28621713,1590.3671278,14.48925714
2020-12-28,1,4,0,0,-129.99868839,510.57147942,964.28621713,1460.36843941,14.48925714
2020-12-29,1,2,0,0,-1.37803143,509.19344799,964.28621713,1458.99040798,14.48925714
2020-12-30,1,4,0,0,18.84375056,528.03719855,964.28621713,1477.83415854,14.48925714
2020-12-31,1,2,0,0,-9.39290648,518.64429207,964.28621713,1468.44125206,14.48925714
2021-01-01,1,2,0,0,0.52972302,519.17401509,964.28621713,1468.97097508,14.48925714
2021-01-02,1,2,0,0,-30.30568562,488.86832947,964.28621713,1438.66528946,14.48925714
2021-01-03,1,2,0,0,0.80677732,489.67510679,964.28621713,1439.47206678,14.48925714
2021-01-04,1,2,0,0,14.34412984,504.01923663,964.28621713,1453.81619662,14.48925714
2021-01-05,1,2,0,0,40.4825582,544.50179483,964.28621713,1494.29875482,14.48925714
2021-01-06,1,2,0,0,-11.83581908,532.66597575,964.28621713,1482.46293574,14.48925714
2021-01-07,1,2,0,0,7.5058287,540.17180445,964.28621713,1489.96876444,14.48925714
2021-01-08,1,1,0,0,-18.25617168,521.91563277,964.28621713,1471.71259276,14.48925714
2021-01-09,1,1,0,0,1.47885671,523.39448948,964.28621713,1473.19144947,14.48925714
2021-01-10,1,1,0,0,0.24260065,523.63709013,964.28621713,1473.43405012,14.48925714
2021-01-11,1,3,0,0,58.80087051,582.43796064,964.28621713,1532.23492063,14.48925714
2021-01-12,1,2,0,0,24.9745125,607.41247314,964.28621713,1557.20943313,14.48925714
2021-01-13,1,2,0,0,20.915434,628.32790714,964.28621713,1578.12486713,14.48925714
2021-01-14,1,1,0,0,20.84162645,649.16953359,964.28621713,1598.96649358,14.48925714
2021-01-15,1,1,0,0,11.04179626,660.21132985,964.28621713,1610.00828984,14.48925714
2021-01-16,1,1,0,0,0.66928038,660.88061023,964.28621713,1610.67757022,14.48925714
2021-01-17,1,1,0,0,-3.96459998,656.91601025,964.28621713,1606.71297024,14.48925714
2021-01-18,1,1,0,0,0.89217657,657.80818682,964.28621713,1607.60514681,14.48925714
2021-01-19,1,1,0,0,4.36962688,662.1778137,964.28621713,1611.97477369,14.48925714
2021-01-20,1,1,0,0,4.98834888,667.16616258,964.28621713,1616.96312257,14.48925714
2021-01-21,1,1,0,0,12.89761345,680.06377603,964.28621713,1629.86073602,14.48925714
2021-01-22,1,1,0,0,95.13513884,775.19891487,964.28621713,1724.99587486,14.48925714
2021-01-23,1,1,0,0,-47.42906365,727.76985122,964.28621713,1677.56681121,14.48925714
2021-01-24,1,1,0,0,0.086154,727.85600522,964.28621713,1677.65296521,14.48925714
2021-01-25,1,1,0,0,0.14530517,728.00131039,964.28621713,1677.79827038,14.48925714
2021-01-26,1,1,0,0,22.51931885,750.52062924,964.28621713,1700.31758923,14.48925714
2021-01-27,1,1,0,0,14.58928516,765.1099144,964.28621713,1714.90687439,14.48925714
2021-01-28,1,1,0,0,39.23739959,804.34731399,964.28621713,1754.14427398,14.48925714
2021-01-29,1,2,0,100.012,48.13527083,752.47058482,1064.29821713,1802.27954481,14.48925714
2021-01-30,1,1,0,0,-18.41627329,734.05431153,1064.29821713,1783.86327152,14.48925714
2021-01-31,1,1,0,0,0.14449002,734.19880155,1064.29821713,1784.00776154,14.48925714
2021-02-01,1,2,0,0,21.44642215,755.6452237,1064.29821713,1805.45418369,14.48925714
2021-02-02,1,2,0,0,8.20242766,763.84765136,1064.29821713,1813.65661135,14.48925714
2021-02-03,1,1,0,0,1.01253137,764.86018273,1064.29821713,1814.66914272,14.48925714
2021-02-04,1,1,0,0,-38.34456015,726.51562258,1064.29821713,1776.32458257,14.48925714
2021-02-05,1,2,0,0,-35.4961524,691.01947018,1064.29821713,1740.82843017,14.48925714
2021-02-06,1,2,0,0,1.82104485,692.84051503,1064.29821713,1742.64947502,14.48925714
2021-02-07,1,2,0,0,-31.12965961,661.71085542,1064.29821713,1711.51981541,14.48925714
2021-02-08,1,2,0,0,14.40741419,676.11826961,1064.29821713,1725.9272296,14.48925714
2021-02-09,1,2,0,0,-82.18520875,593.93306086,1064.29821713,1643.74202085,14.48925714
2021-02-10,1,1,0,0,-2.23638712,591.69667374,1064.29821713,1641.50563373,14.48925714
2021-02-11,1,1,0,0,6.56196918,598.25864292,1064.29821713,1648.06760291,14.48925714
2021-02-12,1,1,0,0,0.00000641,598.25864933,1064.29821713,1648.06760932,14.48925714
2021-02-13,1,1,0,0,-8.36294548,589.89570385,1064.29821713,1639.70466384,14.48925714
2021-02-14,1,1,0,0,-20.96604837,568.92965548,1064.29821713,1618.73861547,14.48925714
2021-02-15,1,1,0,0,0.00222182,568.9318773,1064.29821713,1618.74083729,14.48925714
2021-02-16,1,1,0,0,-26.11430381,542.81757349,1064.29821713,1592.62653348,14.48925714
2021-02-17,1,1,0,0,-1.40979566,541.40777783,1064.29821713,1591.21673782,14.48925714
2021-02-18,1,2,0,0,5.07425609,546.48203392,1064.29821713,1596.29099391,14.48925714
2021-02-19,1,2,0,0,0.01435856,546.49639248,1064.29821713,1596.30535247,14.48925714
2021-02-20,1,2,0,0,14.16468083,560.66107331,1064.29821713,1610.4700333,14.48925714
2021-02-21,1,2,0,0,0.17419748,560.83527079,1064.29821713,1610.64423078,14.48925714
2021-02-22,1,2,0,0,14.38927804,575.22454883,1064.29821713,1625.03350882,14.48925714
2021-02-23,1,1,0,0,70.81573457,646.0402834,1064.29821713,1695.84924339,14.48925714
2021-02-24,1,1,0,0,0.05033974,646.09062314,1064.29821713,1695.89958313,14.48925714
2021-02-25,1,1,0,0,11.84050943,657.93113257,1064.29821713,1707.74009256,14.48925714
2021-02-26,1,2,0,0,48.34015004,706.27128261,1064.29821713,1756.0802426,14.48925714
2021-02-27,1,2,0,0,0.41360121,706.68488382,1064.29821713,1756.49384381,14.48925714
2021-02-28,1,2,0,0,-2.41299635,704.27188747,1064.29821713,1754.08084746,14.48925714
2021-03-01,1,2,0,0,-0.90324037,703.3686471,1064.29821713,1753.17760709,14.48925714
2021-03-02,1,2,0,0,10.97538418,714.34403128,1064.29821713,1764.15299127,14.48925714
2021-03-03,1,2,0,0,-0.77666999,713.56736129,1064.29821713,1763.37632128,14.48925714
2021-03-04,1,2,0,0,31.88587018,745.45323147,1064.29821713,1795.26219146,14.48925714
2021-03-05,1,1,0,0,0.21784492,745.67107639,1064.29821713,1795.48003638,14.48925714
2021-03-06,1,1,0,0,6.069003,751.74007939,1064.29821713,1801.54903938,14.48925714
2021-03-07,1,1,0,0,0.18480486,751.92488425,1064.29821713,1801.73384424,14.48925714
2021-03-08,1,2,0,50.012,1.06683243,702.97971668,1114.31021713,1802.80067667,14.48925714
2021-03-09,1,1,0,0,0.56661145,703.54632813,1114.31021713,1803.36728812,14.48925714
2021-03-10,1,1,0,0,-9.30919216,694.23713597,1114.31021713,1794.05809596,14.48925714
2021-03-11,1,1,0,0,-8.85547895,685.38165702,1114.31021713,1785.20261701,14.48925714
2021-03-12,1,1,0,0,1.32740046,686.70905748,1114.31021713,1786.53001747,14.48925714
2021-03-13,1,1,0,0,-73.64953181,613.05952567,1114.31021713,1712.88048566,14.48925714
2021-03-14,1,1,0,0,0.24447519,613.30400086,1114.31021713,1713.12496085,14.48925714
2021-03-15,1,1,0,0,0.61958971,613.92359057,1114.31021713,1713.74455056,14.48925714
2021-03-16,1,1,0,0,24.8001317,638.72372227,1114.31021713,1738.54468226,14.48925714
2021-03-17,1,1,0,0,0.00452706,638.72824933,1114.31021713,1738.54920932,14.48925714
2021-03-18,1,1,0,0,0.03346137,638.7617107,1114.31021713,1738.58267069,14.48925714
2021-03-19,1,1,0,0,1.61180754,640.37351824,1114.31021713,1740.19447823,14.48925714
2021-03-20,1,1,0,0,-4.83507526,635.53844298,1114.31021713,1735.35940297,14.48925714
2021-03-21,1,1,0,0,-9.96633072,625.57211226,1114.31021713,1725.39307225,14.48925714
2021-03-22,1,1,0,0,0.11434136,625.68645362,1114.31021713,1725.50741361,14.48925714
2021-03-23,1,1,0,0,11.74963748,637.4360911,1114.31021713,1737.25705109,14.48925714
2021-03-24,1,1,0,0,0.12661353,637.56270463,1114.31021713,1737.38366462,14.48925714
2021-03-25,1,1,0,0,39.32622325,676.88892788,1114.31021713,1776.70988787,14.48925714
2021-03-26,1,1,0,0,20.64297227,697.53190015,1114.31021713,1797.35286014,14.48925714
2021-03-27,1,1,0,0,-0.04935336,697.48254679,1114.31021713,1797.30350678,14.48925714
2021-03-28,1,1,0,0,0.17083786,697.65338465,1114.31021713,1797.47434464,14.48925714
2021-03-29,1,1,0,0,1.04438219,698.69776684,1114.31021713,1798.51872683,14.48925714
2021-03-30,1,1,0,0,-4.39910782,694.29865902,1114.31021713,1794.11961901,14.48925714
2021-03-31,1,1,0,0,2.52951654,696.82817556,1114.31021713,1796.64913555,14.48925714
2021-04-01,1,1,0,0,2.03206221,698.86023777,1114.31021713,1798.68119776,14.48925714
2021-04-02,1,1,0,0,2.45152571,701.31176348,1114.31021713,1801.13272347,14.48925714
2021-04-03,1,1,0,0,2.97117022,704.2829337,1114.31021713,1804.10389369,14.48925714
2021-04-04,1,1,0,0,-13.94545307,690.33748063,1114.31021713,1790.15844062,14.48925714
2021-04-05,1,2,0,100.012,0.1240305,590.44951113,1214.32221713,1790.28247112,14.48925714
2021-04-06,1,1,0,0,1.17551544,591.62502657,1214.32221713,1791.45798656,14.48925714
2021-04-07,1,1,0,0,3.06680724,594.69183381,1214.32221713,1794.5247938,14.48925714
2021-04-08,1,1,0,0,-0.68463997,594.00719384,1214.32221713,1793.84015383,14.48925714
2021-04-09,1,1,0,0,0.2052813,594.21247514,1214.32221713,1794.04543513,14.48925714
2021-04-10,1,1,0,0,-30.44454849,563.76792665,1214.32221713,1763.60088664,14.48925714
2021-04-11,1,1,0,0,0.05892103,563.82684768,1214.32221713,1763.65980767,14.48925714
2021-04-12,1,1,0,0,0.03090509,563.85775277,1214.32221713,1763.69071276,14.48925714
2021-04-13,1,1,0,0,0.03690927,563.89466204,1214.32221713,1763.72762203,14.48925714
2021-04-14,1,1,0,0,0.04403139,563.93869343,1214.32221713,1763.77165342,14.48925714
2021-04-15,1,1,0,0,0.02595754,563.96465097,1214.32221713,1763.79761096,14.48925714
2021-04-16,1,1,0,0,0.01091879,563.97556976,1214.32221713,1763.80852975,14.48925714
2021-04-17,1,1,0,0,0.21069597,564.18626573,1214.32221713,1764.01922572,14.48925714
2021-04-18,1,1,0,0,91.11990836,655.30617409,1214.32221713,1855.13913408,14.48925714
2021-04-19,1,1,0,0,-0.02035527,655.28581882,1214.32221713,1855.11877881,14.48925714
2021-04-20,1,1,0,0,29.01955247,684.30537129,1214.32221713,1884.13833128,14.48925714
2021-04-21,1,1,0,0,5.09430764,689.39967893,1214.32221713,1889.23263892,14.48925714
2021-04-22,1,1,0,0,3.14191606,692.54159499,1214.32221713,1892.37455498,14.48925714
2021-04-23,1,2,0,0,10.8586651,703.40026009,1214.32221713,1903.23322008,14.48925714
2021-04-24,1,2,0,0,13.30129549,716.70155558,1214.32221713,1916.53451557,14.48925714
2021-04-25,1,2,0,0,3.33093172,720.0324873,1214.32221713,1919.86544729,14.48925714
2021-04-26,1,2,0,0,40.43673107,760.46921837,1214.32221713,1960.30217836,14.48925714
2021-04-27,1,1,0,0,-45.10272252,715.36649585,1214.32221713,1915.19945584,14.48925714
2021-04-28,1,1,0,0,0.14644206,715.51293791,1214.32221713,1915.3458979,14.48925714
2021-04-29,1,1,0,0,0.14665669,715.6595946,1214.32221713,1915.49255459,14.48925714
2021-04-30,1,1,0,0,-2.70251906,712.95707554,1214.32221713,1912.79003553,14.48925714
2021-05-01,1,6,0,0,1.50819248,714.46526802,1214.32221713,1914.29822801,14.48925714
2021-05-02,1,6,0,0,1.72940814,716.19467616,1214.32221713,1916.02763615,14.48925714
2021-05-03,1,6,0,0,1.37441322,717.56908938,1214.32221713,1917.40204937,14.48925714
2021-05-04,1,7,0,0,-3.02008521,714.54900417,1214.32221713,1914.38196416,14.48925714
2021-05-05,1,7,0,0,31.1344966,745.68350077,1214.32221713,1945.51646076,14.48925714
2021-05-06,1,7,0,0,-109.37509876,636.30840201,1214.32221713,1836.141362,14.48925714
2021-05-07,1,6,0,0,-5.41268006,630.89572195,1214.32221713,1830.72868194,14.48925714
2021-05-08,1,6,0,0,-15.00270583,615.89301612,1214.32221713,1815.72597611,14.48925714
2021-05-09,1,6,0,0,1.30118333,617.19419945,1214.32221713,1817.02715944,14.48925714
2021-05-10,1,6,0,0,0.93130567,618.12550512,1214.32221713,1817.95846511,14.48925714
2021-05-11,1,7,0,0,-90.12874258,527.99676254,1214.32221713,1727.82972253,14.48925714
2021-05-12,1,6,0,0,-21.86626996,506.13049258,1214.32221713,1705.96345257,14.48925714
2021-05-13,1,6,0,0,-36.16228652,469.96820606,1214.32221713,1669.80116605,14.48925714
2021-05-14,1,6,0,0,41.96153764,511.9297437,1214.32221713,1711.76270369,14.48925714
2021-05-15,1,6,0,0,-5.08215997,506.84758373,1214.32221713,1706.68054372,14.48925714
2021-05-16,1,6,0,0,1.33836293,508.18594666,1214.32221713,1708.01890665,14.48925714
2021-05-17,1,6,0,0,72.22792116,580.41386782,1214.32221713,1780.24682781,14.48925714
2021-05-18,1,4,0,0,45.33903866,625.75290648,1214.32221713,1825.58586647,14.48925714
2021-05-19,1,2,0,0,13.22889782,638.9818043,1214.32221713,1838.81476429,14.48925714
2021-05-20,1,2,0,0,-281.83947272,357.14233158,1214.32221713,1556.97529157,14.48925714
2021-05-21,1,2,0,0,18.16820321,375.31053479,1214.32221713,1575.14349478,14.48925714
2021-05-22,1,2,0,0,124.13423318,499.44476797,1214.32221713,1699.27772796,14.48925714
2021-05-23,1,2,0,0,-11.62552037,487.8192476,1214.32221713,1687.65220759,14.48925714
2021-05-24,1,2,0,0,106.50630342,594.32555102,1214.32221713,1794.15851101,14.48925714
2021-05-25,1,3,0,0,43.53293135,637.85848237,1214.32221713,1837.69144236,14.48925714
2021-05-26,1,2,0,0,41.45368011,679.31216248,1214.32221713,1879.14512247,14.48925714
2021-05-27,1,2,0,0,24.31373682,703.6258993,1214.32221713,1903.45885929,14.48925714
2021-05-28,1,2,0,0,50.53794139,754.16384069,1214.32221713,1953.99680068,14.48925714
2021-05-29,1,2,0,0,27.1060965,781.26993719,1214.32221713,1981.10289718,14.48925714
2021-05-30,1,2,0,0,12.63715787,793.90709506,1214.32221713,1993.74005505,14.48925714
2021-05-31,1,2,0,0,1.73911206,795.64620712,1214.32221713,1995.47916711,14.48925714
2021-06-01,1,2,0,0,65.54857409,861.19478121,1214.32221713,2061.0277412,14.48925714
2021-06-02,1,2,0,0,13.38326664,874.57804785,1214.32221713,2074.41100784,14.48925714
2021-06-03,1,7,0,0,44.76891647,919.34696432,1214.32221713,2119.17992431,14.48925714
2021-06-04,1,8,0,0,22.73368165,942.08064597,1214.32221713,2141.91360596,14.48925714
2021-06-05,1,7,0,0,61.26357163,1003.34,1214.32221713,2203.17717759,14.48925714
2021-06-06,1,7,0,0,26.79851136,1030.14,1214.32221713,2229.97568895,14.48925714
2021-06-07,1,7,0,0,1.47355156,1031.62,1214.32221713,2231.44924051,14.48925714
2021-06-08,1,7,0,0,171.40823947,1203.02,1214.32221713,2402.85747998,14.48925714
2021-06-09,1,7,0,0,136.93824955,1339.96,1214.32221713,2539.79572953,14.48925714
2021-06-10,1,7,0,0,-91.64201166,1248.32,1214.32221713,2448.15371787,14.48925714
2021-06-11,1,7,0,0,6.2131359,1254.53,1214.32221713,2454.36685377,14.48925714
2021-06-12,1,2,0,0,16.97612822,1271.51,1214.32221713,2471.34298199,14.48925714
2021-06-13,1,2,0,0,3.90013179,1275.41,1214.32221713,2475.24311378,14.48925714
2021-06-14,1,2,0,0,69.03561541,1344.45,1214.32221713,2544.27872919,14.48925714
2021-06-15,1,2,0,0,21.21042814,1365.66,1214.32221713,2565.48915733,14.48925714
2021-06-16,1,2,0,0,3.28005199,1368.94,1214.32221713,2568.76920932,14.48925714
2021-06-17,1,2,0,0,9.90291006,1378.84,1214.32221713,2578.67211938,14.48925714
2021-06-18,1,2,0,0,146.94073458,1525.78,1214.32221713,2725.61285396,14.48925714
2021-06-19,1,2,0,0,5.35039826,1531.13,1214.32221713,2730.96325222,14.48925714
2021-06-20,1,2,0,300.021,-55.97505961,1175.13,1514.34321713,2674.98819261,14.48925714
2021-06-21,1,3,0,0,47.78995081,1222.92,1514.34321713,2722.77814342,14.48925714
2021-06-22,1,4,0,0,39.08535396,1262.01,1514.34321713,2761.86349738,14.48925714
2021-06-23,1,3,0,0,-57.49828968,1204.51,1514.34321713,2704.3652077,14.48925714
2021-06-24,1,4,0,0,-29.26390096,1175.25,1514.34321713,2675.10130674,14.48925714
2021-06-25,1,4,0,0,139.25205552,1314.5,1514.34321713,2814.35336226,14.48925714
2021-06-26,1,3,0,0,-96.76626656,1217.73,1514.34321713,2717.5870957,14.48925714
2021-06-27,1,2,0,0,0.26438296,1218,1514.34321713,2717.85147866,14.48925714
2021-06-28,1,2,0,0,-43.84699457,1174.15,1514.34321713,2674.00448409,14.48925714
2021-06-29,1,2,0,0,0.77856997,1174.93,1514.34321713,2674.78305406,14.48925714
2021-06-30,1,2,0,0,-35.05660364,1139.87,1514.34321713,2639.72645042,14.48925714
2021-07-01,1,3,0,0,-26.69128104,1113.18,1514.34321713,2613.03516938,14.48925714
2021-07-02,1,2,0,0,-36.66948798,1076.51,1514.34321713,2576.3656814,14.48925714
2021-07-03,1,1,0,0,0.0041499,1076.52,1514.34321713,2576.3698313,14.48925714
2021-07-04,1,1,0,0,1.27878784,1077.79,1514.34321713,2577.64861914,14.48925714
2021-07-05,1,2,0,0,1.92012981,1079.71,1514.34321713,2579.56874895,14.48925714
2021-07-06,1,2,0,0,-1.85897612,1077.86,1514.34321713,2577.70977283,14.48925714
2021-07-07,1,2,0,0,0.34664894,1078.2,1514.34321713,2578.05642177,14.48925714
2021-07-08,1,2,0,0,60.52847952,1138.73,1514.34321713,2638.58490129,14.48925714
2021-07-09,1,2,0,0,35.46081248,1174.19,1514.34321713,2674.04571377,14.48925714
2021-07-10,1,1,0,0,-0.43943581,1173.75,1514.34321713,2673.60627796,14.48925714
2021-07-11,1,1,0,0,-0.1382715,1173.61,1514.34321713,2673.46800646,14.48925714
2021-07-12,1,1,0,0,-0.23095321,1173.38,1514.34321713,2673.23705325,14.48925714
2021-07-13,1,1,0,0,-18.83263773,1154.55,1514.34321713,2654.40441552,14.48925714
2021-07-14,1,1,0,0,5.08844144,1159.64,1514.34321713,2659.49285696,14.48925714
2021-07-15,1,1,0,0,-0.49323935,1159.15,1514.34321713,2658.99961761,14.48925714
2021-07-16,1,1,0,0,13.30236173,1172.45,1514.34321713,2672.30197934,14.48925714
2021-07-17,1,1,0,0,0.07483216,1172.52,1514.34321713,2672.3768115,14.48925714
2021-07-18,1,1,0,0,6.8714114,1179.39,1514.34321713,2679.2482229,14.48925714
2021-07-19,1,1,0,0,-0.08797274,1179.31,1514.34321713,2679.16025016,14.48925714
2021-07-20,1,1,0,0,-0.01538308,1179.29,1514.34321713,2679.14486708,14.48925714
2021-07-21,1,1,0,0,-0.10074921,1179.19,1514.34321713,2679.04411787,14.48925714
2021-07-22,1,1,0,0,11.80849063,1191,1514.34321713,2690.8526085,14.48925714
2021-07-23,1,1,0,0,11.30234749,1202.3,1514.34321713,2702.15495599,14.48925714
2021-07-24,1,1,0,0,-0.05874335,1202.24,1514.34321713,2702.09621264,14.48925714
2021-07-25,1,1,0,0,1.56021197,1203.8,1514.34321713,2703.65642461,14.48925714
2021-07-26,1,2,0,0,42.89203797,1246.69,1514.34321713,2746.54846258,14.48925714
2021-07-27,1,3,0,300.05,17.77073013,964.41523272,1814.39321713,2764.31919271,14.48925714
2021-07-28,1,2,0,0,11.06748168,975.4827144,1814.39321713,2775.38667439,14.48925714
2021-07-29,1,2,0,0,-1.01954454,974.46316986,1814.39321713,2774.36712985,14.48925714
2021-07-30,1,2,0,0,16.86736107,991.33053093,1814.39321713,2791.23449092,14.48925714
2021-07-31,1,2,0,0,-3.83939869,987.49113224,1814.39321713,2787.39509223,14.48925714
2021-08-01,1,2,0,0,0.64797174,988.13910398,1814.39321713,2788.04306397,14.48925714
2021-08-02,1,3,0,0,0.55729865,988.69640263,1814.39321713,2788.60036262,14.48925714
2021-08-03,1,3,0,0,-12.46477702,976.23162561,1814.39321713,2776.1355856,14.48925714
2021-08-04,1,1,0,0,-0.33733468,975.89429093,1814.39321713,2775.79825092,14.48925714
2021-08-05,1,1,0,0,8.14210938,984.03640031,1814.39321713,2783.9403603,14.48925714
2021-08-06,1,1,0,0,48.410403,1032.45,1814.39321713,2832.3507633,14.48925714
2021-08-07,1,2,0,0,17.10110528,1049.55,1814.39321713,2849.45186858,14.48925714
2021-08-08,1,2,0,0,23.05926975,1072.61,1814.39321713,2872.51113833,14.48925714
2021-08-09,1,2,0,0,66.07258609,1138.68,1814.39321713,2938.58372442,14.48925714
2021-08-10,1,3,0,0,65.80583753,1204.49,1814.39321713,3004.38956195,14.48925714
2021-08-11,1,3,0,0,71.63953304,1276.13,1814.39321713,3076.02909499,14.48925714
2021-08-12,1,2,0,0,2.97092394,1279.1,1814.39321713,3079.00001893,14.48925714
2021-08-13,1,2,0,0,38.98256277,1318.08,1814.39321713,3117.9825817,14.48925714
2021-08-14,1,3,0,0,51.68157358,1369.76,1814.39321713,3169.66415528,14.48925714
2021-08-15,1,2,0,0,2.44085839,1372.2,1814.39321713,3172.10501367,14.48925714
2021-08-16,1,2,0,0,0.48506877,1372.69,1814.39321713,3172.59008244,14.48925714
2021-08-17,1,2,0,0,2.9420899,1375.63,1814.39321713,3175.53217234,14.48925714
2021-08-18,1,2,0,0,63.76807463,1439.4,1814.39321713,3239.30024697,14.48925714
2021-08-19,1,3,0,400.05,30.87847286,1070.22,2214.44321713,3270.17871983,14.48925714
2021-08-20,1,1,0,0,26.62044533,1096.85,2214.44321713,3296.79916516,14.48925714
2021-08-21,1,1,0,0,21.10756671,1117.95,2214.44321713,3317.90673187,14.48925714
2021-08-22,1,1,0,0,2.70809698,1120.66,2214.44321713,3320.61482885,14.48925714
2021-08-23,1,1,0,0,1.74564656,1122.41,2214.44321713,3322.36047541,14.48925714
2021-08-24,1,1,0,0,10.91020742,1133.32,2214.44321713,3333.27068283,14.48925714
2021-08-25,1,2,0,0,9.16426414,1142.48,2214.44321713,3342.43494697,14.48925714
2021-08-26,1,2,0,0,61.84045344,1204.32,2214.44321713,3404.27540041,14.48925714
2021-08-27,1,1,0,0,-0.4479594,1203.87,2214.44321713,3403.82744101,14.48925714
2021-08-28,1,2,0,0,3.00538638,1206.88,2214.44321713,3406.83282739,14.48925714
2021-08-29,1,2,0,0,3.38670715,1210.27,2214.44321713,3410.21953454,14.48925714
2021-08-30,1,2,0,0,6.60896201,1216.87,2214.44321713,3416.82849655,14.48925714
2021-08-31,1,1,0,0,-3.61392064,1213.26,2214.44321713,3413.21457591,14.48925714
2021-09-01,1,1,0,0,-0.252932,1213.01,2214.44321713,3412.96164391,14.48925714
2021-09-02,1,2,0,0,-0.55924096,1212.45,2214.44321713,3412.40240295,14.48925714
2021-09-03,1,3,0,300.05,17.10739535,929.50583831,2514.49321713,3429.5097983,14.48925714
2021-09-04,1,2,0,0,5.08586862,934.59170693,2514.49321713,3434.59566692,14.48925714
2021-09-05,1,2,0,0,-1.4894414,933.10226553,2514.49321713,3433.10622552,14.48925714
2021-09-06,1,3,0,0,149.78930953,1082.89,2514.49321713,3582.89553505,14.48925714
2021-09-07,1,2,0,0,57.1473406,1140.04,2514.49321713,3640.04287565,14.48925714
2021-09-08,1,2,0,0,-51.1829438,1088.86,2514.49321713,3588.85993185,14.48925714
2021-09-09,1,2,0,0,-1.81210126,1087.04,2514.49321713,3587.04783059,14.48925714
2021-09-10,1,2,0,0,-11.13370131,1075.91,2514.49321713,3575.91412928,14.48925714
2021-09-11,1,2,0,0,-15.4949822,1060.42,2514.49321713,3560.41914708,14.48925714
2021-09-12,1,2,0,0,-1.20320424,1059.21,2514.49321713,3559.21594284,14.48925714
2021-09-13,1,2,0,0,-1.06185768,1058.15,2514.49321713,3558.15408516,14.48925714
2021-09-14,1,2,0,0,0.04305759,1058.19,2514.49321713,3558.19714275,14.48925714
2021-09-15,1,2,0,0,29.41890211,1087.61,2514.49321713,3587.61604486,14.48925714
2021-09-16,1,2,0,0,12.18909672,1099.8,2514.49321713,3599.80514158,14.48925714
2021-09-17,1,2,0,0,5.77364852,1105.57,2514.49321713,3605.5787901,14.48925714
2021-09-18,1,5,0,0,22.83379043,1128.41,2514.49321713,3628.41258053,14.48925714
2021-09-19,1,5,0,0,0.57745407,1128.99,2514.49321713,3628.9900346,14.48925714
2021-09-20,1,5,0,0,69.26739398,1198.25,2514.49321713,3698.25742858,14.48925714
2021-09-21,1,5,0,0,116.06426447,1314.32,2514.49321713,3814.32169305,14.48925714
2021-09-22,1,5,0,0,70.6057664,1384.92,2514.49321713,3884.92745945,14.48925714
2021-09-23,1,6,0,300.05,10.14730873,1095.02,2814.54321713,3895.07476818,14.48925714
2021-09-24,1,5,0,0,47.19579594,1142.22,2814.54321713,3942.27056412,14.48925714
2021-09-25,1,5,0,0,23.65380072,1165.87,2814.54321713,3965.92436484,14.48925714
2021-09-26,1,5,0,0,96.31096512,1262.18,2814.54321713,4062.23532996,14.48925714
2021-09-27,1,2,0,0,41.8900769,1304.07,2814.54321713,4104.12540686,14.48925714
2021-09-28,1,1,0,0,0.13785852,1304.21,2814.54321713,4104.26326538,14.48925714
2021-09-29,1,2,0,0,0.08219709,1304.29,2814.54321713,4104.34546247,14.48925714
2021-09-30,1,3,0,0,0.6388991,1304.93,2814.54321713,4104.98436157,14.48925714
2021-10-01,1,3,0,0,1.66330758,1306.59,2814.54321713,4106.64766915,14.48925714
2021-10-02,1,3,0,0,0.69023954,1307.28,2814.54321713,4107.33790869,14.48925714
2021-10-03,1,3,0,0,0.47268751,1307.76,2814.54321713,4107.8105962,14.48925714
2021-10-04,1,3,0,0,0.52547025,1308.28,2814.54321713,4108.33606645,14.48925714
2021-10-05,1,3,0,0,0.48870238,1308.77,2814.54321713,4108.82476883,14.48925714
2021-10-06,1,3,0,0,0.52360738,1309.29,2814.54321713,4109.34837621,14.48925714
2021-10-07,1,3,0,0,1.04953182,1310.34,2814.54321713,4110.39790803,14.48925714
2021-10-08,1,3,0,0,0.62403175,1310.97,2814.54321713,4111.02193978,14.48925714
2021-10-09,1,3,0,0,2.05758764,1313.03,2814.54321713,4113.07952742,14.48925714
2021-10-10,1,3,0,0,1.09311169,1314.12,2814.54321713,4114.17263911,14.48925714
2021-10-11,1,3,0,0,1.06849898,1315.19,2814.54321713,4115.24113809,14.48925714
2021-10-12,1,3,0,0,1.53538096,1316.72,2814.54321713,4116.77651905,14.48925714
2021-10-13,1,3,0,0,-105.70162143,1211.02,2814.54321713,4011.07489762,14.48925714
2021-10-14,1,3,0,0,2.61868502,1213.64,2814.54321713,4013.69358264,14.48925714
2021-10-15,1,3,0,0,3.97648059,1217.62,2814.54321713,4017.67006323,14.48925714
2021-10-16,1,3,0,0,3.4672703,1221.08,2814.54321713,4021.13733353,14.48925714
2021-10-17,1,3,0,0,3.21398097,1224.3,2814.54321713,4024.3513145,14.48925714
2021-10-18,1,3,0,0,3.62850447,1227.93,2814.54321713,4027.97981897,14.48925714
2021-10-19,1,3,0,0,3.39074884,1231.32,2814.54321713,4031.37056781,14.48925714
2021-10-20,1,3,0,0,2.83603965,1234.15,2814.54321713,4034.20660746,14.48925714
2021-10-21,1,3,0,0,-67.17253017,1166.98,2814.54321713,3967.03407729,14.48925714
2021-10-22,1,3,0,0,-76.85034747,1090.13,2814.54321713,3890.18372982,14.48925714
2021-10-23,1,3,0,0,-39.99868422,1050.13,2814.54321713,3850.1850456,14.48925714
2021-10-24,1,3,0,0,2.98703316,1053.12,2814.54321713,3853.17207876,14.48925714
2021-10-25,1,3,0,0,2.95935802,1056.08,2814.54321713,3856.13143678,14.48925714
2021-10-26,1,3,0,0,2.78039078,1058.86,2814.54321713,3858.91182756,14.48925714
2021-10-27,1,3,0,0,2.296973,1061.15,2814.54321713,3861.20880056,14.48925714
2021-10-28,1,3,0,0,1.1373903,1062.29,2814.54321713,3862.34619086,14.48925714
2021-10-29,1,3,0,0,1.84144486,1064.13,2814.54321713,3864.18763572,14.48925714
2021-10-30,1,3,0,0,16.66753915,1080.8,2814.54321713,3880.85517487,14.48925714
2021-10-31,1,3,0,0,8.35797021,1089.16,2814.54321713,3889.21314508,14.48925714
2021-11-01,1,3,0,0,1.94237521,1091.1,2814.54321713,3891.15552029,14.48925714
2021-11-02,1,3,0,0,2.69803325,1093.8,2814.54321713,3893.85355354,14.48925714
2021-11-03,1,3,0,0,3.33118613,1097.13,2814.54321713,3897.18473967,14.48925714
2021-11-04,1,3,0,0,2.3017795,1099.43,2814.54321713,3899.48651917,14.48925714
2021-11-05,1,3,0,0,-22.09650592,1077.34,2814.54321713,3877.39001325,14.48925714
2021-11-06,1,3,0,0,1.95668474,1079.29,2814.54321713,3879.34669799,14.48925714
2021-11-07,1,3,0,0,1.36962205,1080.66,2814.54321713,3880.71632004,14.48925714
2021-11-08,1,3,0,0,2.05601614,1082.72,2814.54321713,3882.77233618,14.48925714
2021-11-09,1,3,0,0,2.70840038,1085.43,2814.54321713,3885.48073656,14.48925714
2021-11-10,1,3,0,0,-12.58451655,1072.84,2814.54321713,3872.89622001,14.48925714
2021-11-11,1,3,0,0,2.66766074,1075.51,2814.54321713,3875.56388075,14.48925714
2021-11-12,1,3,0,0,1.17461092,1076.68,2814.54321713,3876.73849167,14.48925714
2021-11-13,1,3,0,0,1.72314481,1078.41,2814.54321713,3878.46163648,14.48925714
2021-11-14,1,3,0,0,1.15179338,1079.56,2814.54321713,3879.61342986,14.48925714
2021-11-15,1,3,0,0,0.58621032,1080.15,2814.54321713,3880.19964018,14.48925714
2021-11-16,1,3,0,0,-75.11523338,1005.03,2814.54321713,3805.0844068,14.48925714
2021-11-17,1,3,0,0,-67.30700401,937.7234428,2814.54321713,3737.77740279,14.48925714
2021-11-18,1,3,0,0,1.2445631,938.9680059,2814.54321713,3739.02196589,14.48925714
2021-11-19,1,3,0,0,-42.34162021,896.62638569,2814.54321713,3696.68034568,14.48925714
2021-11-20,1,1,0,0,-0.17781929,896.4485664,2814.54321713,3696.50252639,14.48925714
2021-11-21,1,1,0,0,-0.16458296,896.28398344,2814.54321713,3696.33794343,14.48925714
2021-11-22,1,1,0,0,-0.26124179,896.02274165,2814.54321713,3696.07670164,14.48925714
2021-11-23,1,1,0,0,-0.26938696,895.75335469,2814.54321713,3695.80731468,14.48925714
2021-11-24,1,1,0,0,-0.26922089,895.4841338,2814.54321713,3695.53809379,14.48925714
2021-11-25,1,1,0,0,-0.26770026,895.21643354,2814.54321713,3695.27039353,14.48925714
2021-11-26,1,2,0,0,-1.95254305,893.26389049,2814.54321713,3693.31785048,14.48925714
2021-11-27,1,2,0,0,11.38228427,904.64617476,2814.54321713,3704.70013475,14.48925714
2021-11-28,1,2,0,0,6.81171579,911.45789055,2814.54321713,3711.51185054,14.48925714
2021-11-29,1,1,0,0,-18.74189656,892.71599399,2814.54321713,3692.76995398,14.48925714
2021-11-30,1,1,0,0,-0.25877036,892.45722363,2814.54321713,3692.51118362,14.48925714
2021-12-01,1,1,0,0,-0.83779387,891.61942976,2814.54321713,3691.67338975,14.48925714
2021-12-02,1,1,0,0,-0.26390664,891.35552312,2814.54321713,3691.40948311,14.48925714
2021-12-03,1,1,0,0,-0.26642132,891.0891018,2814.54321713,3691.14306179,14.48925714
2021-12-04,1,1,0,0,-82.52559183,808.56350997,2814.54321713,3608.61746996,14.48925714
2021-12-05,1,1,0,0,0.76831029,809.33182026,2814.54321713,3609.38578025,14.48925714
2021-12-06,1,1,0,0,0.53513862,809.86695888,2814.54321713,3609.92091887,14.48925714
2021-12-07,1,1,0,0,-83.98394122,725.88301766,2814.54321713,3525.93697765,14.48925714
2021-12-08,1,1,0,0,0.0005859,725.88360356,2814.54321713,3525.93756355,14.48925714
2021-12-09,1,1,0,0,-0.00086276,725.8827408,2814.54321713,3525.93670079,14.48925714
2021-12-10,1,1,0,0,-0.00087775,725.88186305,2814.54321713,3525.93582304,14.48925714
2021-12-11,1,1,0,0,-0.00079885,725.8810642,2814.54321713,3525.93502419,14.48925714
2021-12-12,1,1,0,0,-0.00031991,725.88074429,2814.54321713,3525.93470428,14.48925714
2021-12-13,1,1,0,0,0.00029472,725.88103901,2814.54321713,3525.934999,14.48925714
2021-12-14,1,1,0,0,0.00046617,725.88150518,2814.54321713,3525.93546517,14.48925714
2021-12-15,1,1,0,0,-0.00039829,725.88110689,2814.54321713,3525.93506688,14.48925714
2021-12-16,1,1,0,0,-0.00065852,725.88044837,2814.54321713,3525.93440836,14.48925714
2021-12-17,1,1,0,0,-0.00088906,725.87955931,2814.54321713,3525.9335193,14.48925714
2021-12-18,1,1,0,0,-0.00004167,725.87951764,2814.54321713,3525.93347763,14.48925714
2021-12-19,1,1,0,0,-0.00040889,725.87910875,2814.54321713,3525.93306874,14.48925714
2021-12-20,1,1,0,0,-0.00056803,725.87854072,2814.54321713,3525.93250071,14.48925714
2021-12-21,1,1,0,0,-0.06613647,725.81240425,2814.54321713,3525.86636424,14.48925714
2021-12-22,1,1,0,0,-0.06696377,725.74544048,2814.54321713,3525.79940047,14.48925714
2021-12-23,1,1,0,0,3.79139846,729.53683894,2814.54321713,3529.59079893,14.48925714
2021-12-24,1,1,0,0,7.51853058,737.05536952,2814.54321713,3537.10932951,14.48925714
2021-12-25,1,1,0,0,-0.03980434,737.01556518,2814.54321713,3537.06952517,14.48925714
2021-12-26,1,1,0,0,0.03549546,737.05106064,2814.54321713,3537.10502063,14.48925714
2021-12-27,1,1,0,0,-0.07959854,736.9714621,2814.54321713,3537.02542209,14.48925714
2021-12-28,1,1,0,0,0.12797939,737.09944149,2814.54321713,3537.15340148,14.48925714
2021-12-29,1,1,0,0,0.05419287,737.15363436,2814.54321713,3537.20759435,14.48925714
2021-12-30,1,1,0,0,0.1176934,737.27132776,2814.54321713,3537.32528775,14.48925714
2021-12-31,1,1,0,0,-0.00159371,737.26973405,2814.54321713,3537.32369404,14.48925714
